MUN_OFICIA,CLA_CICTRO,INESTAB_su,SUP_TOT_HA
"09012",Muy bajo,0.000000,31450.162
"09013",Muy bajo,0.000000,11411.637
"09008",Muy bajo,0.000000,6341.881
"09002",Muy bajo,0.000000,3352.290
"09014",Muy bajo,0.000000,2670.132
"09015",Muy bajo,0.000000,3252.483
"09010",Muy bajo,0.000000,9589.471
"09005",Muy bajo,0.000000,8790.616
"09004",Muy bajo,0.000000,7146.876
"09016",Muy bajo,0.000000,4639.188
"09006",Muy bajo,0.000000,2309.546
"09003",Muy bajo,0.000000,5392.258
"09017",Muy bajo,0.000000,3386.337
"09011",Muy bajo,0.000000,8584.161
"09007",Muy bajo,0.000000,11317.383
"09009",Muy bajo,0.000000,29824.711
"12006",Muy bajo,0.000000,62688.417
"12017",Muy bajo,0.000000,44566.811
"12026",Muy bajo,0.000000,37301.878
"12028",Bajo,0.000000,74972.221
"12029",Muy bajo,0.000000,218063.776
"12031",Muy bajo,0.000000,26005.656
"12032",Muy bajo,0.000000,172673.753
"12034",Muy bajo,0.000000,132759.870
"12039",Muy bajo,0.000000,40880.579
"12040",Muy bajo,0.000000,72070.065
"12042",Muy bajo,0.000000,61533.285
"12044",Muy bajo,0.000000,51258.255
"12051",Bajo,0.000000,84549.802
"12053",Bajo,0.000000,115649.497
"12056",Bajo,0.000000,69753.429
"12058",Muy bajo,0.000000,100941.038
"12059",Muy bajo,0.000000,85290.422
"12061",Muy bajo,0.000000,38863.329
"12074",Muy bajo,0.000000,30467.126
"12075",Muy bajo,0.000000,124927.579
"12035",Muy bajo,0.000000,57042.979
"12021",Bajo,0.000000,181076.658
"12005",Muy bajo,0.000000,9387.465
"12008",Muy bajo,0.000000,55799.130
"12009",Muy bajo,0.000000,14651.685
"12010",Bajo,0.000000,57346.627
"12012",Medio,0.000000,105174.832
"12013",Bajo,0.000000,39594.421
"12018",Medio,0.000000,29656.763
"12019",Muy bajo,0.000000,73248.825
"12020",Bajo,0.000000,30662.465
"12024",Muy bajo,0.000000,23921.254
"12025",Medio,0.000000,31398.099
"12030",Medio,0.000000,28438.288
"12033",Muy bajo,0.000000,27492.154
"12036",Muy bajo,0.000000,19515.358
"12041",Muy bajo,0.000000,47291.964
"12045",Bajo,0.000000,70691.240
"12046",Muy bajo,0.000000,60265.562
"12052",Medio,0.000000,109767.858
"12063",Bajo,0.000000,27996.991
"12066",Bajo,0.000000,60903.041
"12069",Muy bajo,0.000000,22663.121
"12070",Muy bajo,0.000000,26161.401
"12071",Muy bajo,0.000000,45322.147
"12072",Bajo,0.000000,22835.551
"12076",Bajo,0.000000,63076.178
"12077",Bajo,0.000000,21073.164
"12079",Bajo,0.000000,13197.707
"12080",Bajo,0.000000,25377.652
"12081",Muy bajo,0.000000,24025.902
"12023",Bajo,0.000000,63161.770
"12062",Muy bajo,0.000000,80278.301
"12065",Muy bajo,0.000000,11745.068
"12004",Muy bajo,0.000000,46990.779
"12043",Muy bajo,0.000000,60160.160
"12078",Muy bajo,0.000000,62058.148
"12002",Bajo,0.000000,87131.597
"12048",Medio,0.000000,197166.808
"12003",Bajo,0.000000,199447.086
"12007",Muy bajo,0.000000,75407.761
"12011",Bajo,0.000000,144939.486
"12014",Muy bajo,0.000000,22994.250
"12016",Alto,0.000000,264512.737
"12027",Muy bajo,0.000000,133563.512
"12054",Bajo,0.000000,237092.204
"12057",Medio,0.000000,284513.104
"12064",Muy bajo,0.000000,47203.771
"12067",Muy bajo,0.000000,28469.569
"12022",Bajo,0.000000,335748.669
"12073",Bajo,0.000000,214486.793
"12068",Alto,0.000000,176021.458
"12037",Muy bajo,0.000000,21210.064
"12047",Muy bajo,0.000000,29423.289
"12049",Muy bajo,0.000000,16228.147
"12060",Muy bajo,0.000000,21780.213
"12055",Muy bajo,0.000000,65068.841
"12015",Muy bajo,0.000000,30397.942
"12050",Muy bajo,0.000000,12632.546
"12038",Medio,0.000000,146782.373
"12001",Bajo,0.000000,172777.700
"15082",Muy bajo,0.000000,66840.858
"15104",Muy bajo,0.000000,8035.055
"15075",Muy bajo,0.000000,6993.896
"15065",Muy bajo,0.000000,14191.142
"15044",Muy bajo,0.000000,468.971
"15049",Muy bajo,0.000000,4605.789
"15004",Muy bajo,0.000000,17095.580
"15088",Muy bajo,0.000000,16464.440
"15056",Muy bajo,0.000000,23583.479
"15125",Muy bajo,0.000000,904.265
"15124",Muy bajo,0.000000,48810.307
"15123",Muy bajo,0.000000,70291.671
"15122",Muy bajo,0.000000,4660.783
"15121",Muy bajo,0.000000,11007.493
"15120",Muy bajo,0.000000,22364.298
"15119",Muy bajo,0.000000,20235.301
"15118",Muy bajo,0.000000,30998.412
"15117",Muy bajo,0.000000,29212.353
"15116",Muy bajo,0.000000,6669.389
"15115",Muy bajo,0.000000,5350.922
"15114",Muy bajo,0.000000,42479.534
"15113",Muy bajo,0.000000,22931.987
"15112",Muy bajo,0.000000,30339.625
"15111",Muy bajo,0.000000,30954.783
"15110",Muy bajo,0.000000,40083.909
"15109",Muy bajo,0.000000,7082.924
"15108",Muy bajo,0.000000,1562.993
"15107",Muy bajo,0.000000,9015.098
"15106",Muy bajo,0.000000,42807.967
"15105",Muy bajo,0.000000,78858.929
"15103",Muy bajo,0.000000,16017.300
"15102",Muy bajo,0.000000,16674.182
"15101",Muy bajo,0.000000,13177.830
"15100",Muy bajo,0.000000,1650.341
"15099",Muy bajo,0.000000,42806.520
"15098",Muy bajo,0.000000,2473.029
"15097",Muy bajo,0.000000,14921.875
"15096",Muy bajo,0.000000,12247.794
"15095",Muy bajo,0.000000,20712.093
"15094",Muy bajo,0.000000,4312.444
"15093",Muy bajo,0.000000,17851.346
"15092",Muy bajo,0.000000,8319.491
"15091",Muy bajo,0.000000,3104.826
"15090",Muy bajo,0.000000,20852.003
"15089",Muy bajo,0.000000,3795.731
"15087",Muy bajo,0.000000,18810.568
"15086",Muy bajo,0.000000,56827.963
"15085",Muy bajo,0.000000,35627.436
"15084",Muy bajo,0.000000,16461.361
"15083",Muy bajo,0.000000,2923.804
"15081",Muy bajo,0.000000,15686.532
"15080",Muy bajo,0.000000,56614.566
"15079",Muy bajo,0.000000,14658.678
"15078",Muy bajo,0.000000,10403.841
"15077",Muy bajo,0.000000,13077.216
"15076",Muy bajo,0.000000,1889.390
"15074",Muy bajo,0.000000,36867.439
"15073",Muy bajo,0.000000,2530.763
"15072",Muy bajo,0.000000,2298.974
"15071",Muy bajo,0.000000,12668.958
"15070",Muy bajo,0.000000,3663.494
"15069",Muy bajo,0.000000,316.161
"15068",Muy bajo,0.000000,4754.833
"15067",Muy bajo,0.000000,11234.998
"15066",Muy bajo,0.000000,15703.862
"15064",Muy bajo,0.000000,13749.062
"15063",Muy bajo,0.000000,38585.750
"15062",Muy bajo,0.000000,13931.235
"15061",Muy bajo,0.000000,8262.442
"15060",Muy bajo,0.000000,23258.032
"15059",Muy bajo,0.000000,6104.101
"15058",Muy bajo,0.000000,6326.704
"15057",Muy bajo,0.000000,15793.302
"15055",Muy bajo,0.000000,1128.876
"15054",Muy bajo,0.000000,6736.260
"15053",Muy bajo,0.000000,1401.721
"15052",Muy bajo,0.000000,20995.046
"15051",Muy bajo,0.000000,23081.175
"15050",Muy bajo,0.000000,13249.384
"15048",Muy bajo,0.000000,27740.545
"15047",Muy bajo,0.000000,27521.046
"15046",Muy bajo,0.000000,11645.422
"15045",Muy bajo,0.000000,56837.887
"15043",Muy bajo,0.000000,10822.488
"15042",Muy bajo,0.000000,33557.788
"15041",Muy bajo,0.000000,9933.278
"15040",Muy bajo,0.000000,11512.252
"15039",Muy bajo,0.000000,32400.919
"15038",Muy bajo,0.000000,7972.589
"15037",Muy bajo,0.000000,14088.241
"15036",Muy bajo,0.000000,23452.129
"15035",Muy bajo,0.000000,11975.760
"15034",Muy bajo,0.000000,5316.931
"15033",Muy bajo,0.000000,15619.471
"15032",Muy bajo,0.000000,19161.307
"15031",Muy bajo,0.000000,5445.147
"15030",Muy bajo,0.000000,683.727
"15029",Muy bajo,0.000000,4212.635
"15028",Muy bajo,0.000000,2025.702
"15027",Muy bajo,0.000000,1199.577
"15026",Muy bajo,0.000000,29222.478
"15025",Muy bajo,0.000000,22522.974
"15024",Muy bajo,0.000000,4081.760
"15023",Muy bajo,0.000000,3991.842
"15022",Muy bajo,0.000000,1477.872
"15021",Muy bajo,0.000000,28659.450
"15020",Muy bajo,0.000000,3503.055
"15019",Muy bajo,0.000000,2096.068
"15018",Muy bajo,0.000000,10295.895
"15017",Muy bajo,0.000000,5067.266
"15016",Muy bajo,0.000000,28651.284
"15015",Muy bajo,0.000000,16770.467
"15014",Muy bajo,0.000000,25775.961
"15013",Muy bajo,0.000000,9285.434
"15012",Muy bajo,0.000000,853.595
"15011",Muy bajo,0.000000,8765.288
"15010",Muy bajo,0.000000,7566.034
"15009",Muy bajo,0.000000,17624.840
"15008",Muy bajo,0.000000,63626.878
"15007",Muy bajo,0.000000,22226.905
"15006",Muy bajo,0.000000,915.717
"15005",Muy bajo,0.000000,48020.450
"15003",Muy bajo,0.000000,45330.828
"15002",Muy bajo,0.000000,8690.657
"15001",Muy bajo,0.000000,47556.593
"17029",Muy bajo,0.000000,19199.705
"17014",Muy bajo,0.000000,5788.919
"17020",Muy bajo,0.000000,24237.066
"17018",Muy bajo,0.000000,10276.990
"17007",Muy bajo,0.000000,19967.700
"17028",Muy bajo,0.000000,9321.938
"17005",Muy bajo,0.000000,8339.884
"17015",Muy bajo,0.000000,21545.614
"17009",Muy bajo,0.000000,18910.753
"17016",Muy bajo,0.000000,8654.529
"17030",Muy bajo,0.000000,17672.010
"17032",Muy bajo,0.000000,5376.808
"17022",Muy bajo,0.000000,9847.767
"17027",Muy bajo,0.000000,5997.636
"17026",Muy bajo,0.000000,5727.118
"17023",Muy bajo,0.000000,10786.360
"17006",Muy bajo,0.000000,9717.752
"17002",Muy bajo,0.000000,7938.006
"17004",Muy bajo,0.000000,37706.922
"17031",Muy bajo,0.000000,2631.290
"17008",Muy bajo,0.000000,6828.151
"17011",Muy bajo,0.000000,5596.039
"17012",Muy bajo,0.000000,15346.340
"17001",Muy bajo,0.000000,11724.011
"17021",Muy bajo,0.000000,6770.247
"17017",Muy bajo,0.000000,29758.971
"17033",Muy bajo,0.000000,3707.663
"17013",Muy bajo,0.000000,9033.187
"17010",Muy bajo,0.000000,10226.032
"17024",Muy bajo,0.000000,23846.338
"17025",Muy bajo,0.000000,54392.504
"17019",Muy bajo,0.000000,36864.406
"17003",Muy bajo,0.000000,14151.181
"25012",Muy alto,0.000000,253259.261
"25017",Medio,0.000000,632576.043
"25006",Alto,0.000000,630502.977
"25018",Muy bajo,0.000000,233066.339
"25016",Alto,0.000000,507010.699
"25015",Bajo,0.000000,77355.138
"25014",Alto,0.000000,263468.856
"25013",Bajo,0.000000,280056.690
"25011",Medio,0.000000,293817.542
"25010",Medio,0.000000,416982.621
"25009",Bajo,0.000000,155463.293
"25008",Alto,0.000000,164335.588
"25007",Bajo,0.000000,321465.559
"25005",Alto,0.000000,217206.266
"25004",Alto,0.000000,216727.265
"25003",Bajo,0.000000,483634.557
"25001",Alto,0.000000,399534.631
"25002",Medio,0.000000,190501.675
"26026",Bajo,0.000000,94864.290
"26042",Medio,0.000000,280870.786
"26012",Bajo,0.000000,158327.620
"26033",Alto,0.000000,190551.299
"26032",Muy bajo,0.000000,82173.991
"26048",Muy bajo,0.000000,619367.794
"26017",Muy bajo,0.000000,1067168.933
"26050",Muy bajo,0.000000,87905.135
"26049",Medio,0.000000,378055.756
"26047",Bajo,0.000000,981996.850
"26046",Muy bajo,0.000000,91638.257
"26045",Muy bajo,0.000000,222427.799
"26044",Muy bajo,0.000000,53415.857
"26043",Bajo,0.000000,175657.743
"26041",Muy bajo,0.000000,173576.002
"26040",Bajo,0.000000,283266.738
"26039",Muy bajo,0.000000,123845.094
"26038",Muy bajo,0.000000,187751.859
"26037",Muy bajo,0.000000,68300.959
"26036",Bajo,0.000000,123942.209
"26035",Bajo,0.000000,217001.309
"26034",Muy bajo,0.000000,42081.395
"26031",Muy bajo,0.000000,119755.786
"26068",Muy bajo,0.000000,112323.298
"26028",Muy bajo,0.000000,36388.931
"26027",Muy bajo,0.000000,261634.537
"26025",Muy bajo,0.000000,59315.857
"26024",Muy bajo,0.000000,38570.002
"26023",Muy bajo,0.000000,201004.870
"26022",Muy bajo,0.000000,157788.049
"26021",Bajo,0.000000,412209.755
"26020",Bajo,0.000000,258181.181
"26019",Muy bajo,0.000000,231618.818
"26018",Bajo,0.000000,487631.423
"26016",Bajo,0.000000,141219.389
"26015",Muy bajo,0.000000,172166.783
"26014",Muy bajo,0.000000,84252.677
"26013",Muy bajo,0.000000,80806.397
"26011",Muy bajo,0.000000,123095.379
"26010",Muy bajo,0.000000,134460.214
"26009",Bajo,0.000000,112893.344
"26008",Muy bajo,0.000000,106599.598
"26007",Muy bajo,0.000000,30043.002
"26006",Muy bajo,0.000000,307197.120
"26005",Bajo,0.000000,72631.128
"26004",Muy bajo,0.000000,445770.295
"26003",Medio,0.000000,642281.267
"26002",Muy bajo,0.000000,394654.382
"26001",Muy bajo,0.000000,36817.002
"26072",Bajo,0.000000,138357.451
"26071",Bajo,0.000000,36946.061
"26070",Muy bajo,0.000000,365670.442
"26069",Bajo,0.000000,266766.403
"26067",Muy bajo,0.000000,147149.659
"26066",Muy bajo,0.000000,308805.999
"26065",Muy bajo,0.000000,172543.168
"26064",Bajo,0.000000,301044.788
"26063",Muy bajo,0.000000,77868.203
"26062",Bajo,0.000000,91478.117
"26061",Bajo,0.000000,171675.956
"26060",Muy bajo,0.000000,135359.189
"26059",Muy bajo,0.000000,100119.137
"26058",Bajo,0.000000,147658.413
"26057",Bajo,0.000000,222953.266
"26056",Muy bajo,0.000000,111565.685
"26054",Bajo,0.000000,53593.446
"26053",Muy bajo,0.000000,15134.491
"26052",Bajo,0.000000,500375.235
"26051",Medio,0.000000,351977.120
"26055",Bajo,0.000000,887679.763
"02004",Muy bajo,0.000000,123532.918
"02003",Muy bajo,0.000000,268722.834
"02005",Muy bajo,0.000000,49973.747
"02002",Bajo,0.000000,1565408.006
"02001",Alto,0.000000,5312327.738
"26029",Bajo,0.000000,795074.159
"26030",Medio,0.000000,1695516.000
"03009",Alto,0.000000,462856.391
"03003",Muy alto,0.000000,1583811.554
"03002",Muy alto,0.000000,3205800.665
"03001",Muy alto,0.000000,1833204.807
"03008",Muy alto,0.000000,375156.123
"06009",Medio,0.000000,93894.528
"06007",Alto,0.000000,135716.385
"06001",Medio,0.000000,40879.970
"06004",Medio,0.000000,52698.748
"06010",Bajo,0.000000,28799.067
"06003",Bajo,0.000000,31434.354
"06008",Medio,0.000000,41489.849
"06002",Bajo,0.000000,74600.835
"06006",Bajo,0.000000,37675.935
"06005",Muy bajo,0.000000,41225.626
"18001",Bajo,0.000000,142725.612
"18002",Muy bajo,0.000000,50480.060
"18003",Muy bajo,0.000000,51834.034
"18005",Bajo,0.000000,223742.186
"18006",Muy bajo,0.000000,49301.414
"18007",Muy bajo,0.000000,50361.783
"18008",Muy bajo,0.000000,50375.087
"18009",Bajo,0.000000,514246.227
"18011",Medio,0.000000,52059.637
"18013",Muy bajo,0.000000,51567.851
"18014",Muy bajo,0.000000,109139.754
"18016",Bajo,0.000000,104478.323
"18017",Muy bajo,0.000000,163524.507
"18018",Medio,0.000000,31392.531
"18019",Muy bajo,0.000000,431675.420
"18020",Bajo,0.000000,77135.489
"18004",Bajo,0.000000,188061.756
"18015",Medio,0.000000,172884.490
"18012",Medio,0.000000,110405.256
"18010",Medio,0.000000,184064.392
"14067",Bajo,0.000000,68086.466
"14043",Alto,0.000000,201097.637
"14081",Muy bajo,0.000000,26082.027
"14041",Muy bajo,0.000000,30924.141
"14042",Muy bajo,0.000000,76954.516
"14115",Muy bajo,0.000000,67330.076
"14104",Muy bajo,0.000000,58703.406
"14025",Muy bajo,0.000000,64810.406
"14061",Muy bajo,0.000000,336358.828
"14116",Muy bajo,0.000000,45294.388
"14064",Muy bajo,0.000000,115574.587
"14031",Muy bajo,0.000000,65507.904
"14019",Muy bajo,0.000000,86648.072
"14076",Muy bajo,0.000000,69005.793
"14060",Muy bajo,0.000000,28700.293
"14072",Muy bajo,0.000000,35168.345
"14074",Muy bajo,0.000000,26193.914
"14071",Muy bajo,0.000000,52297.180
"14046",Muy bajo,0.000000,52089.761
"14118",Muy bajo,0.000000,56333.452
"14117",Muy bajo,0.000000,27183.428
"14040",Muy bajo,0.000000,75637.285
"14075",Muy bajo,0.000000,30550.987
"14029",Muy bajo,0.000000,64299.716
"14007",Muy bajo,0.000000,19471.016
"14055",Muy bajo,0.000000,29318.521
"14094",Muy bajo,0.000000,169299.214
"14036",Muy bajo,0.000000,33776.443
"14003",Muy bajo,0.000000,27398.908
"14095",Muy bajo,0.000000,21909.611
"14080",Bajo,0.000000,111673.386
"14038",Muy bajo,0.000000,83772.854
"14048",Muy bajo,0.000000,66517.175
"14039",Bajo,0.000000,15118.257
"14078",Muy bajo,0.000000,78675.657
"14105",Muy bajo,0.000000,33655.184
"14123",Muy bajo,0.000000,40002.335
"14013",Muy bajo,0.000000,51089.099
"14006",Muy bajo,0.000000,83911.697
"14044",Muy bajo,0.000000,20181.331
"14002",Muy bajo,0.000000,15398.437
"14062",Muy bajo,0.000000,63096.552
"14033",Muy bajo,0.000000,42672.689
"14077",Muy bajo,0.000000,34292.616
"14016",Muy bajo,0.000000,43086.578
"14045",Bajo,0.000000,83182.456
"14004",Bajo,0.000000,12482.003
"14052",Medio,0.000000,24588.453
"14008",Muy bajo,0.000000,95008.507
"14125",Muy bajo,0.000000,22780.266
"14083",Muy bajo,0.000000,41210.079
"14120",Muy bajo,0.000000,115627.290
"14070",Muy bajo,0.000000,8178.109
"14009",Muy bajo,0.000000,11175.907
"14005",Muy bajo,0.000000,17257.365
"14091",Muy bajo,0.000000,93353.781
"14111",Muy bajo,0.000000,35226.032
"14093",Muy bajo,0.000000,140012.728
"14035",Muy bajo,0.000000,125339.887
"14073",Muy bajo,0.000000,84767.150
"14053",Muy bajo,0.000000,251443.715
"14109",Muy bajo,0.000000,72882.948
"14089",Bajo,0.000000,7923.829
"14082",Bajo,0.000000,21597.166
"14102",Bajo,0.000000,29357.361
"14086",Bajo,0.000000,61940.437
"14112",Muy bajo,0.000000,19523.421
"14068",Alto,0.000000,184808.017
"14054",Medio,0.000000,11423.232
"14034",Medio,0.000000,29764.283
"14014",Bajo,0.000000,45153.150
"14026",Muy bajo,0.000000,26563.702
"14079",Muy bajo,0.000000,35344.863
"14110",Medio,0.000000,44302.613
"14037",Medio,0.000000,17731.262
"14098",Muy bajo,0.000000,11816.901
"14101",Muy bajo,0.000000,16626.248
"14051",Muy bajo,0.000000,13808.243
"14001",Muy bajo,0.000000,33919.590
"14124",Muy bajo,0.000000,71876.597
"14097",Muy bajo,0.000000,71397.895
"14057",Muy bajo,0.000000,13399.194
"14059",Muy bajo,0.000000,28893.856
"14096",Muy bajo,0.000000,19388.083
"14092",Muy bajo,0.000000,33443.228
"14032",Medio,0.000000,29738.429
"14107",Muy bajo,0.000000,13240.957
"14088",Medio,0.000000,76514.189
"14017",Muy bajo,0.000000,88337.137
"14100",Medio,0.000000,301479.994
"14090",Medio,0.000000,28153.675
"14020",Medio,0.000000,154340.063
"14018",Muy bajo,0.000000,41819.602
"14010",Bajo,0.000000,35581.372
"14024",Muy bajo,0.000000,33124.747
"14114",Muy bajo,0.000000,31817.692
"14012",Muy bajo,0.000000,61019.785
"14119",Muy bajo,0.000000,47909.138
"14011",Muy bajo,0.000000,44056.354
"14028",Muy bajo,0.000000,41711.931
"14058",Bajo,0.000000,184312.473
"14084",Bajo,0.000000,199635.199
"14030",Muy bajo,0.000000,63002.463
"14050",Muy bajo,0.000000,32433.033
"14066",Muy bajo,0.000000,83480.716
"14063",Muy bajo,0.000000,24271.869
"14047",Muy bajo,0.000000,16276.297
"14113",Bajo,0.000000,74611.528
"14121",Muy bajo,0.000000,25225.581
"14015",Medio,0.000000,70514.065
"14106",Bajo,0.000000,42997.497
"14023",Muy bajo,0.000000,27349.220
"14069",Muy bajo,0.000000,67431.511
"14065",Bajo,0.000000,87458.239
"14022",Alto,0.000000,50133.212
"14122",Bajo,0.000000,30576.871
"14103",Muy bajo,0.000000,14587.157
"14108",Bajo,0.000000,72545.453
"14087",Bajo,0.000000,130100.066
"14056",Bajo,0.000000,77643.854
"14021",Medio,0.000000,52271.148
"14027",Alto,0.000000,139113.341
"14085",Muy bajo,0.000000,136369.151
"14049",Bajo,0.000000,147624.545
"14099",Bajo,0.000000,51263.116
"16108",Muy bajo,0.000000,33503.954
"16085",Muy bajo,0.000000,38514.714
"16052",Alto,0.000000,115027.005
"16008",Alto,0.000000,226422.674
"16010",Alto,0.000000,343455.416
"16096",Bajo,0.000000,206239.837
"16077",Muy bajo,0.000000,46790.778
"16014",Medio,0.000000,36595.664
"16038",Muy bajo,0.000000,205728.718
"16029",Bajo,0.000000,110904.937
"16026",Medio,0.000000,102206.636
"16015",Bajo,0.000000,282633.665
"16002",Bajo,0.000000,139687.406
"16035",Medio,0.000000,195202.150
"16055",Bajo,0.000000,37757.335
"16097",Muy bajo,0.000000,154609.211
"16013",Muy bajo,0.000000,91804.014
"16089",Bajo,0.000000,79811.683
"16006",Bajo,0.000000,164026.684
"16064",Bajo,0.000000,50337.297
"16057",Muy bajo,0.000000,54552.099
"16059",Muy bajo,0.000000,33040.243
"16033",Bajo,0.000000,36731.182
"16009",Muy bajo,0.000000,69517.712
"16081",Muy bajo,0.000000,26795.917
"16092",Muy bajo,0.000000,149302.925
"16046",Muy bajo,0.000000,14099.454
"16087",Muy bajo,0.000000,18509.584
"16012",Bajo,0.000000,92236.379
"16082",Muy bajo,0.000000,78681.501
"16099",Muy bajo,0.000000,101808.497
"16079",Muy bajo,0.000000,48785.962
"16111",Muy bajo,0.000000,15997.467
"16058",Muy bajo,0.000000,23498.876
"16083",Muy bajo,0.000000,71425.490
"16047",Muy bajo,0.000000,26548.592
"16049",Muy bajo,0.000000,101964.587
"16001",Muy bajo,0.000000,17632.059
"16112",Muy bajo,0.000000,51259.062
"16039",Muy bajo,0.000000,7910.512
"16066",Muy bajo,0.000000,43854.157
"16068",Muy bajo,0.000000,33180.510
"16090",Muy bajo,0.000000,18975.513
"16102",Muy bajo,0.000000,101291.676
"16048",Muy bajo,0.000000,7266.893
"16061",Muy bajo,0.000000,14225.662
"16098",Muy bajo,0.000000,24342.232
"16100",Muy bajo,0.000000,18439.049
"16101",Muy bajo,0.000000,94131.055
"16005",Muy bajo,0.000000,7683.831
"16007",Muy bajo,0.000000,5841.531
"16032",Muy bajo,0.000000,24397.748
"16065",Muy bajo,0.000000,24416.704
"16056",Muy bajo,0.000000,30415.464
"16073",Muy bajo,0.000000,21335.313
"16041",Muy bajo,0.000000,12665.223
"16022",Muy bajo,0.000000,32304.349
"16024",Muy bajo,0.000000,22236.278
"16075",Muy bajo,0.000000,48092.245
"16021",Muy bajo,0.000000,23375.991
"16080",Muy bajo,0.000000,25030.450
"16072",Muy bajo,0.000000,23486.370
"16095",Muy bajo,0.000000,50604.107
"16053",Muy bajo,0.000000,119225.201
"16093",Muy bajo,0.000000,19720.325
"16034",Muy bajo,0.000000,114340.374
"16040",Muy bajo,0.000000,17646.478
"16088",Muy bajo,0.000000,25586.598
"16091",Muy bajo,0.000000,17276.204
"16019",Muy bajo,0.000000,50501.916
"16025",Muy bajo,0.000000,30462.696
"16016",Muy bajo,0.000000,39367.735
"16110",Muy bajo,0.000000,59642.937
"16037",Muy bajo,0.000000,20054.179
"16003",Muy bajo,0.000000,15951.702
"16027",Muy bajo,0.000000,19230.069
"16018",Muy bajo,0.000000,17327.702
"16044",Muy bajo,0.000000,19448.844
"16070",Muy bajo,0.000000,19266.620
"16107",Muy bajo,0.000000,45468.128
"16084",Muy bajo,0.000000,31605.912
"16043",Muy bajo,0.000000,11870.163
"16050",Muy bajo,0.000000,69770.450
"16036",Muy bajo,0.000000,9621.396
"16054",Muy bajo,0.000000,18339.234
"16020",Muy bajo,0.000000,25440.358
"16078",Muy bajo,0.000000,10409.381
"16017",Muy bajo,0.000000,37886.520
"16045",Muy bajo,0.000000,24323.163
"16094",Muy bajo,0.000000,20376.324
"16104",Muy bajo,0.000000,35016.793
"16051",Muy bajo,0.000000,23303.674
"16076",Muy bajo,0.000000,12811.256
"16063",Muy bajo,0.000000,28925.439
"16023",Muy bajo,0.000000,15206.705
"16074",Muy bajo,0.000000,13109.975
"16067",Muy bajo,0.000000,37124.728
"16004",Muy bajo,0.000000,24028.824
"16042",Muy bajo,0.000000,12390.781
"16028",Muy bajo,0.000000,22941.945
"16103",Muy bajo,0.000000,22763.069
"16062",Muy bajo,0.000000,17036.796
"16031",Muy bajo,0.000000,42361.416
"16109",Muy bajo,0.000000,11318.048
"16030",Muy bajo,0.000000,30416.174
"16071",Muy bajo,0.000000,71893.543
"16011",Muy bajo,0.000000,6769.621
"16060",Muy bajo,0.000000,7690.528
"16105",Muy bajo,0.000000,14759.747
"16113",Muy bajo,0.000000,21968.056
"16086",Muy bajo,0.000000,22807.624
"16106",Muy bajo,0.000000,17439.160
"16069",Muy bajo,0.000000,28474.106
"10007",Muy bajo,0.000000,84240.915
"10034",Alto,0.000000,580068.295
"10037",Medio,0.000000,162764.539
"10038",Muy bajo,0.000000,36970.891
"10039",Muy bajo,0.000000,185164.791
"10035",Medio,0.000000,606916.828
"10033",Bajo,0.000000,146830.454
"10027",Muy bajo,0.000000,240969.585
"10031",Muy bajo,0.000000,98528.592
"10001",Bajo,0.000000,349196.910
"10002",Bajo,0.000000,89255.930
"10003",Muy bajo,0.000000,107447.662
"10004",Bajo,0.000000,534936.567
"10005",Medio,0.000000,928537.123
"10008",Muy bajo,0.000000,131711.358
"10010",Muy bajo,0.000000,468962.758
"10011",Muy bajo,0.000000,250512.567
"10013",Muy bajo,0.000000,773009.069
"10014",Bajo,0.000000,837340.570
"10015",Bajo,0.000000,238747.203
"10016",Muy bajo,0.000000,118587.647
"10018",Muy bajo,0.000000,353003.888
"10019",Bajo,0.000000,170992.522
"10020",Bajo,0.000000,102618.960
"10021",Bajo,0.000000,168360.978
"10022",Muy bajo,0.000000,112746.940
"10023",Alto,0.000000,694435.166
"10024",Muy bajo,0.000000,143293.340
"10025",Muy bajo,0.000000,230720.274
"10026",Medio,0.000000,548325.197
"10028",Bajo,0.000000,139943.894
"10029",Muy bajo,0.000000,60475.750
"10030",Muy bajo,0.000000,179694.727
"10032",Medio,0.000000,640287.672
"10006",Muy bajo,0.000000,218930.992
"10012",Bajo,0.000000,214770.271
"10017",Bajo,0.000000,364395.970
"10009",Bajo,0.000000,548555.087
"08006",Muy bajo,0.000000,95216.615
"08019",Muy bajo,0.000000,838223.149
"08004",Muy bajo,0.000000,49509.722
"08037",Muy bajo,0.000000,354749.562
"08013",Muy bajo,0.000000,375508.206
"08050",Muy bajo,0.000000,260217.979
"08053",Muy bajo,0.000000,37077.117
"08005",Muy bajo,0.000000,1285989.929
"08025",Muy bajo,0.000000,85333.534
"08020",Bajo,0.000000,198989.809
"08023",Muy bajo,0.000000,172963.182
"08028",Muy bajo,0.000000,599522.405
"08030",Bajo,0.000000,182289.614
"08035",Muy bajo,0.000000,741339.261
"08040",Muy bajo,0.000000,873737.939
"08041",Bajo,0.000000,100642.803
"08043",Muy bajo,0.000000,72707.242
"08051",Muy bajo,0.000000,179570.907
"08063",Muy bajo,0.000000,427486.363
"08065",Bajo,0.000000,330171.534
"08066",Bajo,0.000000,265894.158
"08029",Medio,0.000000,961902.892
"08046",Bajo,0.000000,218299.912
"08047",Bajo,0.000000,180707.403
"08002",Muy bajo,0.000000,921633.463
"08055",Muy bajo,0.000000,192684.998
"08021",Muy bajo,0.000000,53311.988
"08045",Muy bajo,0.000000,42916.690
"08001",Muy bajo,0.000000,1691008.138
"08017",Muy bajo,0.000000,360821.781
"08054",Muy bajo,0.000000,226313.733
"08032",Muy bajo,0.000000,192360.021
"08003",Muy bajo,0.000000,213314.399
"08011",Bajo,0.000000,1374700.639
"08036",Bajo,0.000000,1077122.829
"08038",Muy bajo,0.000000,411968.987
"08052",Muy bajo,0.000000,679589.682
"08062",Muy bajo,0.000000,303970.877
"08042",Muy bajo,0.000000,502543.562
"08007",Bajo,0.000000,537055.628
"08008",Bajo,0.000000,213712.018
"08009",Bajo,0.000000,270598.176
"08010",Muy bajo,0.000000,791196.917
"08012",Bajo,0.000000,259068.053
"08014",Bajo,0.000000,189007.844
"08015",Muy bajo,0.000000,1165089.445
"08016",Muy bajo,0.000000,105301.668
"08018",Bajo,0.000000,160816.896
"08022",Muy bajo,0.000000,103307.907
"08024",Muy bajo,0.000000,66952.952
"08026",Muy bajo,0.000000,48542.838
"08027",Bajo,0.000000,697233.938
"08031",Bajo,0.000000,572968.234
"08033",Muy bajo,0.000000,85288.523
"08034",Muy bajo,0.000000,286081.253
"08039",Bajo,0.000000,134791.796
"08044",Muy bajo,0.000000,118210.178
"08048",Muy bajo,0.000000,485996.636
"08049",Muy bajo,0.000000,200087.780
"08056",Muy bajo,0.000000,117214.859
"08057",Muy bajo,0.000000,131956.791
"08058",Muy bajo,0.000000,87856.403
"08059",Muy bajo,0.000000,47991.468
"08060",Muy bajo,0.000000,34554.687
"08061",Muy bajo,0.000000,355657.504
"08064",Muy bajo,0.000000,46970.286
"08067",Muy bajo,0.000000,295429.630
"32027",Muy bajo,0.000000,188142.909
"32007",Muy bajo,0.000000,241824.159
"32041",Muy bajo,0.000000,62386.341
"32005",Muy bajo,0.000000,38744.130
"32006",Muy bajo,0.000000,44946.967
"32008",Muy bajo,0.000000,32438.414
"32010",Muy bajo,0.000000,509246.933
"32012",Muy bajo,0.000000,79478.201
"32013",Muy bajo,0.000000,19770.651
"32016",Muy bajo,0.000000,44207.764
"32020",Muy bajo,0.000000,154336.417
"32024",Muy bajo,0.000000,42911.719
"32025",Muy bajo,0.000000,17688.475
"32026",Muy bajo,0.000000,1211657.094
"32031",Muy bajo,0.000000,159969.457
"32032",Muy bajo,0.000000,18091.795
"32035",Muy bajo,0.000000,40847.675
"32036",Muy bajo,0.000000,64481.210
"32037",Muy bajo,0.000000,68228.894
"32038",Muy bajo,0.000000,316863.759
"32039",Muy bajo,0.000000,183870.152
"32040",Bajo,0.000000,141498.166
"32042",Bajo,0.000000,363296.984
"32043",Muy bajo,0.000000,19959.721
"32046",Muy bajo,0.000000,72453.081
"32052",Muy bajo,0.000000,34173.923
"32053",Muy bajo,0.000000,43194.111
"32054",Muy bajo,0.000000,37535.932
"32055",Muy bajo,0.000000,217915.837
"32057",Muy bajo,0.000000,22080.524
"32001",Muy bajo,0.000000,29284.434
"32002",Muy bajo,0.000000,20248.560
"32003",Muy bajo,0.000000,28122.689
"32004",Muy bajo,0.000000,32881.655
"32011",Muy bajo,0.000000,30710.595
"32015",Muy bajo,0.000000,35358.135
"32018",Muy bajo,0.000000,37230.174
"32019",Muy bajo,0.000000,71787.202
"32023",Muy bajo,0.000000,33857.517
"32028",Muy bajo,0.000000,48649.214
"32030",Muy bajo,0.000000,16180.770
"32033",Muy bajo,0.000000,54025.460
"32034",Muy bajo,0.000000,87766.211
"32044",Muy bajo,0.000000,41019.018
"32045",Muy bajo,0.000000,54443.919
"32047",Muy bajo,0.000000,67947.236
"32048",Muy bajo,0.000000,74596.161
"32058",Muy bajo,0.000000,27835.136
"32009",Bajo,0.000000,90089.567
"32021",Bajo,0.000000,117108.991
"32049",Bajo,0.000000,570835.970
"32051",Muy bajo,0.000000,666942.495
"32014",Muy bajo,0.000000,483583.373
"32017",Muy bajo,0.000000,81707.149
"32022",Muy bajo,0.000000,62359.198
"32050",Muy bajo,0.000000,15994.196
"32056",Muy bajo,0.000000,44149.650
"32029",Muy bajo,0.000000,110582.862
"10036",Muy bajo,0.000000,474161.371
"07099",Muy bajo,0.000000,160290.732
"07102",Muy bajo,0.000000,16585.423
"07055",Muy bajo,0.000000,2275.597
"07115",Muy bajo,0.000000,54285.219
"07059",Medio,0.000000,958017.044
"07089",Muy bajo,0.000000,98013.087
"07101",Bajo,0.000000,33487.847
"07027",Bajo,0.000000,83063.896
"07012",Muy bajo,0.000000,35197.142
"07041",Muy bajo,0.000000,51423.161
"07003",Muy bajo,0.000000,55980.393
"07032",Muy bajo,0.000000,41688.858
"07050",Muy bajo,0.000000,45660.893
"07097",Muy bajo,0.000000,185250.146
"07092",Muy bajo,0.000000,125636.221
"07090",Muy bajo,0.000000,6609.889
"07088",Muy bajo,0.000000,7833.514
"07079",Bajo,0.000000,35953.889
"07074",Muy bajo,0.000000,43489.759
"07062",Muy bajo,0.000000,59849.447
"07061",Muy bajo,0.000000,209547.899
"07060",Muy bajo,0.000000,6113.901
"07048",Muy bajo,0.000000,74279.843
"07043",Muy bajo,0.000000,12525.086
"07033",Muy bajo,0.000000,21009.379
"07025",Muy bajo,0.000000,18142.439
"07021",Bajo,0.000000,34641.319
"07009",Bajo,0.000000,80774.813
"07042",Muy bajo,0.000000,9436.462
"07040",Muy bajo,0.000000,39613.489
"07039",Muy bajo,0.000000,33910.393
"07038",Muy bajo,0.000000,31077.450
"07037",Muy bajo,0.000000,30317.236
"07035",Muy bajo,0.000000,9404.216
"07034",Muy bajo,0.000000,76446.635
"07031",Bajo,0.000000,167958.292
"07030",Muy bajo,0.000000,99643.621
"07029",Bajo,0.000000,11533.577
"07028",Muy bajo,0.000000,5140.298
"07026",Muy bajo,0.000000,25132.624
"07024",Muy bajo,0.000000,40668.915
"07023",Muy bajo,0.000000,34460.595
"07022",Muy bajo,0.000000,18529.085
"07020",Muy bajo,0.000000,257181.875
"07019",Muy bajo,0.000000,97784.273
"07018",Bajo,0.000000,15501.041
"07016",Muy bajo,0.000000,62972.818
"07015",Muy bajo,0.000000,17415.672
"07014",Muy bajo,0.000000,15915.484
"07013",Bajo,0.000000,36520.518
"07010",Muy bajo,0.000000,7872.116
"07008",Muy bajo,0.000000,58151.161
"07007",Muy bajo,0.000000,15209.508
"07006",Muy bajo,0.000000,25356.415
"07005",Muy bajo,0.000000,31593.059
"07004",Muy bajo,0.000000,95510.508
"07002",Muy bajo,0.000000,48114.299
"07001",Muy bajo,0.000000,24803.957
"07119",Muy bajo,0.000000,1653.578
"07118",Muy bajo,0.000000,3833.660
"07117",Muy bajo,0.000000,19789.975
"07116",Bajo,0.000000,90927.953
"07114",Bajo,0.000000,109294.726
"07113",Muy bajo,0.000000,2680.958
"07112",Muy bajo,0.000000,17304.034
"07111",Muy bajo,0.000000,19460.642
"07110",Muy bajo,0.000000,9403.580
"07109",Muy bajo,0.000000,20926.471
"07108",Muy bajo,0.000000,190139.247
"07107",Muy bajo,0.000000,275497.395
"07106",Muy bajo,0.000000,135998.872
"07105",Muy bajo,0.000000,6203.548
"07104",Muy bajo,0.000000,35818.941
"07103",Muy bajo,0.000000,17424.621
"07100",Muy bajo,0.000000,40219.476
"07098",Muy bajo,0.000000,16852.856
"07094",Muy bajo,0.000000,28350.791
"07093",Muy bajo,0.000000,19246.067
"07091",Muy bajo,0.000000,4259.446
"07087",Muy bajo,0.000000,23611.966
"07086",Muy bajo,0.000000,28388.472
"07084",Muy bajo,0.000000,15632.772
"07083",Muy bajo,0.000000,63274.384
"07082",Muy bajo,0.000000,10540.273
"07081",Muy bajo,0.000000,31394.503
"07080",Muy bajo,0.000000,87599.961
"07077",Muy bajo,0.000000,122824.412
"07076",Muy bajo,0.000000,24995.186
"07075",Muy bajo,0.000000,23480.888
"07073",Muy bajo,0.000000,6767.852
"07072",Muy bajo,0.000000,24743.336
"07071",Muy bajo,0.000000,44545.920
"07070",Muy bajo,0.000000,8266.099
"07069",Muy bajo,0.000000,175660.746
"07068",Muy bajo,0.000000,59314.913
"07067",Muy bajo,0.000000,10567.483
"07066",Muy bajo,0.000000,19253.970
"07065",Muy bajo,0.000000,288797.603
"07064",Muy bajo,0.000000,41646.719
"07063",Bajo,0.000000,9229.768
"07058",Muy bajo,0.000000,2952.797
"07057",Muy bajo,0.000000,58431.531
"07056",Muy bajo,0.000000,3653.547
"07054",Muy bajo,0.000000,38261.258
"07053",Muy bajo,0.000000,11029.812
"07052",Muy bajo,0.000000,301539.732
"07051",Muy bajo,0.000000,121956.094
"07049",Muy bajo,0.000000,14879.434
"07047",Bajo,0.000000,23558.998
"07045",Muy bajo,0.000000,10724.375
"07044",Bajo,0.000000,27907.952
"07096",Muy bajo,0.000000,80125.842
"07085",Bajo,0.000000,9608.445
"07046",Muy bajo,0.000000,130132.602
"07017",Bajo,0.000000,244050.789
"07036",Muy bajo,0.000000,4869.079
"07011",Muy bajo,0.000000,21372.290
"07078",Muy bajo,0.000000,39417.246
"27004",Muy bajo,0.000000,171776.754
"27013",Muy bajo,0.000000,53532.180
"27008",Muy bajo,0.000000,371770.074
"27007",Muy bajo,0.000000,59231.346
"27011",Bajo,0.000000,164476.621
"27014",Muy bajo,0.000000,40804.272
"27002",Muy bajo,0.000000,204909.033
"27006",Muy bajo,0.000000,59870.643
"27010",Muy bajo,0.000000,36962.243
"27005",Muy bajo,0.000000,76819.303
"27017",Bajo,0.000000,188235.090
"27016",Muy bajo,0.000000,42080.858
"27009",Muy bajo,0.000000,59234.631
"27003",Bajo,0.000000,269334.588
"27001",Muy bajo,0.000000,357736.436
"27015",Muy bajo,0.000000,73459.852
"27012",Muy bajo,0.000000,242906.661
"20453",Bajo,0.000000,18601.106
"20413",Bajo,0.000000,51226.576
"20334",Medio,0.000000,121555.599
"20102",Muy bajo,0.000000,6938.053
"20427",Muy bajo,0.000000,15573.017
"20010",Muy bajo,0.000000,25206.926
"20305",Muy bajo,0.000000,4679.835
"20005",Muy bajo,0.000000,65885.144
"20025",Muy bajo,0.000000,2267.130
"20075",Muy bajo,0.000000,3336.557
"20141",Bajo,0.000000,67808.734
"20143",Bajo,0.000000,21261.730
"20043",Bajo,0.000000,91133.734
"20557",Muy bajo,0.000000,11279.249
"20071",Bajo,0.000000,10323.587
"20012",Bajo,1.000000,18099.691
"20401",Medio,0.000000,41439.323
"20318",Bajo,0.000000,32511.749
"20057",Muy bajo,0.000000,135544.441
"20103",Muy bajo,0.000000,1134.194
"20360",Muy bajo,0.000000,2680.216
"20452",Muy bajo,0.000000,1760.941
"20087",Muy bajo,0.000000,639.688
"20072",Muy bajo,0.000000,10843.621
"20301",Muy bajo,0.000000,887.726
"20068",Muy bajo,0.000000,11949.555
"20132",Muy bajo,0.000000,1008.026
"20192",Muy bajo,0.000000,520.532
"20243",Muy bajo,0.000000,2423.168
"20315",Muy bajo,0.000000,757.775
"20530",Muy bajo,0.000000,7010.263
"20007",Muy bajo,0.000000,451.851
"20546",Muy bajo,0.000000,10786.750
"20550",Muy bajo,0.000000,3666.151
"20145",Muy bajo,0.000000,1145.427
"20067",Muy bajo,0.000000,8952.537
"20091",Muy bajo,0.000000,2757.595
"20553",Muy bajo,0.000000,8152.512
"20483",Muy bajo,0.000000,9547.193
"20077",Muy bajo,0.000000,1196.969
"20045",Muy bajo,0.000000,2697.032
"20193",Muy bajo,0.000000,13205.532
"20338",Muy bajo,0.000000,826.643
"20294",Muy bajo,0.000000,10149.093
"20277",Muy bajo,2.000000,97299.134
"20155",Muy bajo,0.000000,3872.139
"20487",Muy bajo,0.000000,10913.702
"20494",Muy bajo,0.000000,6309.216
"20511",Muy bajo,0.000000,14629.199
"20531",Muy bajo,0.000000,4400.333
"20535",Muy bajo,0.000000,13645.181
"20569",Muy bajo,0.000000,8376.764
"20048",Muy bajo,0.000000,4102.469
"20063",Muy bajo,0.000000,428.408
"20092",Muy bajo,0.000000,2881.046
"20094",Muy bajo,0.000000,6400.449
"20049",Muy bajo,0.000000,1033.241
"20051",Muy bajo,0.000000,3935.044
"20069",Muy bajo,0.000000,2688.920
"20078",Muy bajo,0.000000,1245.758
"20083",Muy bajo,0.000000,2598.736
"20084",Muy bajo,0.000000,5513.904
"20112",Muy bajo,0.000000,9217.792
"20118",Muy bajo,0.000000,2388.186
"20157",Muy bajo,0.000000,415.642
"20162",Muy bajo,0.000000,7272.349
"20174",Muy bajo,0.000000,302.030
"20178",Muy bajo,0.000000,5210.035
"20191",Muy bajo,0.000000,2038.158
"20197",Muy bajo,0.000000,3176.255
"20219",Muy bajo,0.000000,4127.013
"20227",Muy bajo,0.000000,2760.418
"20233",Muy bajo,0.000000,5177.527
"20238",Muy bajo,0.000000,831.116
"20247",Muy bajo,0.000000,3715.487
"20262",Muy bajo,0.000000,6084.682
"20267",Muy bajo,0.000000,1064.445
"20284",Muy bajo,0.000000,7106.002
"20293",Muy bajo,0.000000,4436.658
"20295",Muy bajo,0.000000,4330.171
"20310",Muy bajo,0.000000,2316.846
"20328",Muy bajo,0.000000,9839.252
"20342",Muy bajo,0.000000,821.978
"20343",Muy bajo,0.000000,1536.930
"20349",Muy bajo,0.000000,3048.434
"20107",Muy bajo,0.000000,1100.054
"20356",Muy bajo,0.000000,2787.803
"20358",Muy bajo,0.000000,4666.520
"20363",Muy bajo,0.000000,22006.559
"20365",Muy bajo,0.000000,10109.524
"20368",Muy bajo,0.000000,3632.528
"20369",Muy bajo,0.000000,2067.753
"20375",Muy bajo,0.000000,227.388
"20378",Muy bajo,1.000000,4686.104
"20380",Muy bajo,0.000000,1477.328
"20385",Muy bajo,0.000000,4385.992
"20387",Muy bajo,0.000000,3036.591
"20388",Muy bajo,0.000000,4910.282
"20389",Muy bajo,0.000000,241.345
"20393",Muy bajo,0.000000,1167.390
"20399",Muy bajo,0.000000,3129.978
"20403",Muy bajo,0.000000,653.874
"20411",Muy bajo,0.000000,737.780
"20419",Muy bajo,0.000000,5390.030
"20443",Muy bajo,0.000000,8760.297
"20449",Muy bajo,0.000000,41570.007
"20475",Muy bajo,0.000000,18381.661
"20496",Muy bajo,0.000000,6331.201
"20504",Muy bajo,0.000000,10065.138
"20519",Muy bajo,0.000000,3054.271
"20539",Muy bajo,0.000000,1246.980
"20544",Muy bajo,0.000000,13309.392
"20555",Muy bajo,0.000000,2130.831
"20560",Muy bajo,0.000000,28331.687
"20561",Muy bajo,0.000000,5999.031
"20565",Muy bajo,0.000000,8142.339
"20420",Muy bajo,0.000000,4963.712
"20426",Muy bajo,0.000000,23321.566
"20104",Muy bajo,0.000000,10527.985
"20108",Muy bajo,0.000000,19138.733
"20217",Muy bajo,0.000000,35960.143
"20241",Muy bajo,0.000000,1073.951
"20271",Muy bajo,0.000000,7288.895
"20273",Muy bajo,0.000000,10942.795
"20013",Muy bajo,0.000000,1026.736
"20017",Muy bajo,0.000000,10417.432
"20023",Muy bajo,0.000000,4979.877
"20033",Muy bajo,0.000000,428.317
"20035",Muy bajo,0.000000,450.745
"20123",Muy bajo,0.000000,10870.352
"20135",Muy bajo,0.000000,9936.851
"20150",Muy bajo,1.000000,19295.098
"20161",Muy bajo,1.000000,22008.956
"20398",Muy bajo,0.000000,10441.401
"20028",Muy bajo,1.000000,31750.281
"20409",Muy bajo,0.000000,1680.227
"20059",Muy bajo,0.000000,46739.143
"20154",Muy bajo,0.000000,6110.439
"20167",Muy bajo,0.000000,2849.776
"20209",Muy bajo,1.000000,7545.265
"20254",Muy bajo,0.000000,21113.420
"20319",Muy bajo,0.000000,15464.091
"20347",Muy bajo,0.000000,10618.325
"20314",Muy bajo,0.000000,5823.991
"20149",Muy bajo,0.000000,10703.567
"20096",Muy bajo,0.000000,2260.766
"20215",Muy bajo,0.000000,1455.992
"20562",Muy bajo,0.000000,3903.391
"20147",Muy bajo,0.000000,2260.546
"20230",Muy bajo,0.000000,5197.486
"20164",Muy bajo,0.000000,5575.697
"20548",Muy bajo,0.000000,57416.875
"20018",Muy bajo,0.000000,22459.474
"20021",Muy bajo,0.000000,11214.896
"20327",Bajo,0.000000,99373.098
"20211",Muy bajo,2.000000,20652.978
"20474",Bajo,0.000000,11038.017
"20476",Muy bajo,0.000000,5175.406
"20477",Muy bajo,0.000000,19816.953
"20478",Muy bajo,0.000000,20446.565
"20479",Muy bajo,0.000000,2045.024
"20480",Muy bajo,0.000000,7132.874
"20481",Muy bajo,1.000000,5808.417
"20482",Bajo,0.000000,80451.769
"20484",Muy bajo,0.000000,20115.082
"20485",Bajo,0.000000,12879.772
"20486",Muy bajo,0.000000,14149.167
"20488",Muy bajo,0.000000,1357.966
"20489",Muy bajo,0.000000,29087.767
"20490",Muy bajo,0.000000,1660.196
"20491",Muy bajo,0.000000,25187.471
"20492",Muy bajo,0.000000,24774.928
"20493",Muy bajo,0.000000,1706.773
"20497",Muy bajo,0.000000,4095.402
"20499",Muy bajo,0.000000,6691.519
"20500",Muy bajo,0.000000,33412.506
"20501",Muy bajo,0.000000,5014.728
"20507",Bajo,0.000000,14370.186
"20510",Muy bajo,0.000000,1791.869
"20516",Muy bajo,0.000000,22449.964
"20520",Muy bajo,0.000000,16571.746
"20521",Muy bajo,0.000000,2653.191
"20523",Muy bajo,0.000000,6963.819
"20524",Muy bajo,0.000000,3642.885
"20526",Muy bajo,0.000000,22611.101
"20527",Muy bajo,0.000000,8341.629
"20528",Muy bajo,0.000000,5297.475
"20529",Muy bajo,0.000000,6089.677
"20532",Muy bajo,0.000000,8004.951
"20536",Muy bajo,0.000000,7138.381
"20540",Muy bajo,1.000000,14392.159
"20543",Muy bajo,0.000000,22032.428
"20545",Muy bajo,0.000000,14395.028
"20547",Muy bajo,0.000000,4580.976
"20549",Muy bajo,0.000000,48663.454
"20552",Muy bajo,0.000000,5586.906
"20556",Muy bajo,0.000000,1081.338
"20558",Muy bajo,0.000000,5470.654
"20564",Muy bajo,0.000000,6408.350
"20566",Muy bajo,0.000000,19777.512
"20567",Muy bajo,0.000000,30543.018
"20568",Muy bajo,0.000000,4383.205
"20004",Muy bajo,0.000000,8370.392
"20011",Muy bajo,0.000000,6768.237
"20016",Muy bajo,2.000000,12609.042
"20022",Muy bajo,0.000000,11167.108
"20024",Muy bajo,0.000000,7911.698
"20026",Muy bajo,0.000000,13334.393
"20029",Muy bajo,0.000000,3581.654
"20032",Muy bajo,0.000000,6127.292
"20034",Muy bajo,0.000000,3082.597
"20037",Muy bajo,0.000000,17472.542
"20046",Muy bajo,0.000000,23467.223
"20047",Muy bajo,0.000000,2676.562
"20050",Muy bajo,0.000000,8507.188
"20054",Muy bajo,0.000000,2483.187
"20055",Muy bajo,0.000000,14420.313
"20056",Muy bajo,0.000000,5752.890
"20058",Muy bajo,0.000000,18219.206
"20065",Muy bajo,2.000000,7252.777
"20070",Muy bajo,0.000000,6736.517
"20076",Muy bajo,1.000000,18659.148
"20081",Muy bajo,0.000000,9646.661
"20082",Muy bajo,0.000000,15096.623
"20086",Muy bajo,0.000000,5140.148
"20088",Muy bajo,0.000000,26065.514
"20089",Muy bajo,0.000000,9928.448
"20090",Muy bajo,0.000000,8763.052
"20093",Muy bajo,0.000000,5002.100
"20099",Muy bajo,0.000000,1439.892
"20101",Muy bajo,0.000000,706.008
"20052",Muy bajo,0.000000,84063.154
"20053",Muy bajo,0.000000,12438.650
"20060",Muy bajo,0.000000,6770.691
"20061",Muy bajo,0.000000,2242.673
"20062",Muy bajo,0.000000,221.247
"20066",Muy bajo,0.000000,54758.229
"20074",Muy bajo,0.000000,3844.138
"20079",Bajo,0.000000,13184.621
"20080",Muy bajo,0.000000,5558.951
"20085",Bajo,0.000000,33572.509
"20095",Muy bajo,0.000000,5708.308
"20097",Bajo,0.000000,4863.237
"20098",Muy bajo,1.000000,14551.081
"20100",Bajo,0.000000,4094.318
"20113",Muy bajo,0.000000,12090.306
"20114",Bajo,0.000000,3032.624
"20116",Muy bajo,0.000000,5740.519
"20117",Bajo,0.000000,15615.939
"20120",Muy bajo,0.000000,874.122
"20122",Muy bajo,0.000000,9338.681
"20125",Bajo,0.000000,230456.120
"20126",Muy bajo,0.000000,13677.225
"20130",Bajo,0.000000,35488.928
"20131",Muy bajo,0.000000,31036.956
"20134",Muy bajo,0.000000,13445.556
"20136",Muy bajo,0.000000,44749.451
"20146",Muy bajo,0.000000,4081.756
"20159",Muy bajo,1.000000,58374.019
"20166",Muy bajo,0.000000,19314.780
"20169",Muy bajo,0.000000,5392.685
"20170",Muy bajo,0.000000,7745.525
"20171",Muy bajo,0.000000,25787.397
"20173",Muy bajo,0.000000,13420.479
"20175",Muy bajo,0.000000,42156.587
"20179",Muy bajo,0.000000,11440.327
"20182",Muy bajo,0.000000,5013.234
"20184",Muy bajo,0.000000,87701.085
"20187",Muy bajo,0.000000,6598.942
"20189",Bajo,0.000000,9860.208
"20190",Muy bajo,0.000000,138248.899
"20194",Muy bajo,0.000000,7134.449
"20196",Muy bajo,0.000000,1659.210
"20200",Bajo,0.000000,31600.317
"20201",Muy bajo,0.000000,5654.697
"20203",Muy bajo,0.000000,10742.873
"20204",Muy bajo,0.000000,10627.869
"20207",Muy bajo,0.000000,162750.774
"20212",Muy bajo,0.000000,18829.700
"20214",Muy bajo,0.000000,20286.729
"20216",Bajo,0.000000,1961.040
"20220",Muy bajo,0.000000,25512.350
"20222",Muy bajo,0.000000,3782.385
"20223",Muy bajo,0.000000,2910.955
"20226",Muy bajo,0.000000,13442.914
"20231",Muy bajo,0.000000,10159.717
"20232",Muy bajo,0.000000,45488.544
"20235",Muy bajo,0.000000,28899.665
"20236",Bajo,1.000000,5377.695
"20246",Muy bajo,0.000000,1468.601
"20248",Bajo,0.000000,8972.726
"20253",Bajo,1.000000,16177.958
"20257",Bajo,0.000000,3408.200
"20260",Muy bajo,0.000000,14211.256
"20263",Muy bajo,1.000000,12346.152
"20265",Bajo,0.000000,118422.926
"20266",Bajo,0.000000,51928.035
"20268",Muy bajo,0.000000,1074.655
"20275",Bajo,0.000000,20773.519
"20276",Muy bajo,0.000000,1981.722
"20278",Muy bajo,0.000000,74349.393
"20279",Muy bajo,2.000000,6955.083
"20280",Muy bajo,0.000000,6106.742
"20282",Bajo,0.000000,20554.977
"20288",Muy bajo,0.000000,3920.006
"20289",Muy bajo,0.000000,2956.065
"20291",Muy bajo,2.000000,18789.559
"20296",Muy bajo,0.000000,14958.671
"20298",Muy bajo,0.000000,28044.336
"20299",Muy bajo,0.000000,3542.611
"20306",Bajo,1.000000,7447.206
"20307",Bajo,0.000000,69391.145
"20308",Bajo,0.000000,2650.334
"20309",Muy bajo,0.000000,10187.686
"20316",Muy bajo,0.000000,12103.118
"20323",Muy bajo,0.000000,4210.582
"20324",Bajo,0.000000,44494.403
"20325",Muy bajo,0.000000,56413.527
"20326",Muy bajo,0.000000,15222.818
"20330",Muy bajo,0.000000,14866.472
"20333",Muy bajo,0.000000,40177.328
"20335",Muy bajo,0.000000,2814.455
"20336",Muy bajo,0.000000,16537.351
"20344",Muy bajo,2.000000,20690.959
"20351",Muy bajo,0.000000,5077.806
"20124",Muy bajo,0.000000,20830.944
"20139",Muy bajo,0.000000,6245.285
"20353",Muy bajo,0.000000,5475.225
"20355",Muy bajo,0.000000,4127.236
"20357",Muy bajo,0.000000,17235.095
"20359",Muy bajo,0.000000,4637.032
"20361",Muy bajo,0.000000,5119.003
"20362",Muy bajo,0.000000,2557.487
"20366",Muy bajo,0.000000,12661.018
"20384",Muy bajo,0.000000,5688.539
"20391",Muy bajo,1.000000,6997.254
"20394",Bajo,0.000000,9852.761
"20406",Muy bajo,0.000000,28355.365
"20407",Muy bajo,0.000000,454703.114
"20410",Bajo,0.000000,54025.108
"20412",Muy bajo,0.000000,38926.383
"20417",Muy bajo,0.000000,32427.848
"20418",Muy bajo,0.000000,72956.657
"20421",Muy bajo,0.000000,14781.084
"20424",Muy bajo,2.000000,14528.909
"20425",Muy bajo,0.000000,5578.557
"20428",Muy bajo,0.000000,16073.135
"20432",Muy bajo,0.000000,1318.560
"20435",Bajo,0.000000,8447.236
"20437",Bajo,0.000000,15306.249
"20438",Muy bajo,0.000000,2412.521
"20439",Bajo,0.000000,52072.926
"20440",Muy bajo,0.000000,11400.295
"20441",Muy bajo,0.000000,8607.078
"20442",Bajo,0.000000,4824.811
"20454",Bajo,0.000000,7080.738
"20457",Muy bajo,0.000000,31208.955
"20458",Muy bajo,1.000000,20411.387
"20465",Muy bajo,0.000000,12207.904
"20468",Muy bajo,0.000000,61883.617
"20471",Muy bajo,0.000000,2560.617
"20472",Muy bajo,0.000000,26308.161
"20473",Muy bajo,0.000000,11727.768
"20495",Bajo,0.000000,13715.524
"20498",Muy bajo,0.000000,102421.696
"20502",Bajo,0.000000,21301.137
"20503",Muy bajo,0.000000,821.306
"20505",Muy bajo,0.000000,19919.166
"20506",Muy bajo,0.000000,4357.898
"20508",Muy bajo,0.000000,7105.571
"20509",Bajo,0.000000,10532.294
"20512",Muy bajo,2.000000,6415.567
"20513",Muy bajo,0.000000,33966.449
"20514",Muy bajo,0.000000,5624.881
"20517",Muy bajo,0.000000,11355.121
"20522",Muy bajo,0.000000,5644.614
"20525",Bajo,0.000000,64623.740
"20533",Muy bajo,0.000000,6657.897
"20534",Muy bajo,0.000000,10599.919
"20538",Muy bajo,0.000000,1821.926
"20541",Muy bajo,0.000000,2247.109
"20554",Bajo,0.000000,26671.746
"20559",Muy bajo,2.000000,68442.297
"20563",Muy bajo,0.000000,6568.770
"20372",Muy bajo,1.000000,3827.833
"20373",Muy bajo,0.000000,11832.828
"20374",Muy bajo,0.000000,709.720
"20376",Muy bajo,0.000000,1837.528
"20377",Muy bajo,1.000000,56402.582
"20379",Muy bajo,0.000000,4356.398
"20381",Muy bajo,0.000000,2754.678
"20382",Muy bajo,0.000000,4741.950
"20383",Muy bajo,0.000000,2178.153
"20386",Muy bajo,0.000000,48378.539
"20392",Muy bajo,0.000000,15636.947
"20395",Muy bajo,0.000000,8050.897
"20396",Muy bajo,0.000000,759.334
"20397",Muy bajo,1.000000,34650.512
"20400",Muy bajo,0.000000,9515.347
"20402",Bajo,0.000000,8133.513
"20404",Muy bajo,0.000000,6182.233
"20405",Muy bajo,0.000000,17493.798
"20408",Muy bajo,0.000000,2520.990
"20414",Bajo,0.000000,27533.868
"20415",Muy bajo,0.000000,16737.253
"20416",Muy bajo,0.000000,17729.200
"20422",Muy bajo,0.000000,4308.985
"20423",Muy bajo,0.000000,7681.683
"20429",Muy bajo,0.000000,5203.722
"20430",Muy bajo,0.000000,3705.850
"20431",Muy bajo,0.000000,37128.914
"20433",Muy bajo,0.000000,3472.397
"20434",Muy bajo,0.000000,3673.482
"20436",Muy bajo,0.000000,3544.716
"20444",Muy bajo,1.000000,1791.926
"20445",Muy bajo,0.000000,3358.565
"20446",Muy bajo,0.000000,7301.688
"20447",Muy bajo,0.000000,50082.294
"20448",Muy bajo,0.000000,15752.709
"20450",Muy bajo,2.000000,20727.520
"20451",Muy bajo,0.000000,8580.841
"20456",Muy bajo,0.000000,3870.420
"20459",Muy bajo,0.000000,32505.172
"20461",Muy bajo,0.000000,3842.431
"20462",Muy bajo,0.000000,11067.617
"20463",Muy bajo,0.000000,10076.447
"20464",Muy bajo,0.000000,4617.323
"20466",Muy bajo,0.000000,45605.104
"20467",Bajo,0.000000,63789.447
"20469",Muy bajo,2.000000,77414.459
"20237",Muy bajo,0.000000,12788.739
"20105",Muy bajo,1.000000,10970.086
"20106",Muy bajo,0.000000,1647.843
"20109",Muy bajo,0.000000,7720.237
"20110",Muy bajo,0.000000,2923.666
"20208",Muy bajo,1.000000,35818.524
"20210",Muy bajo,0.000000,21208.176
"20213",Muy bajo,0.000000,20388.105
"20218",Muy bajo,0.000000,7099.780
"20221",Muy bajo,1.000000,8700.564
"20224",Muy bajo,0.000000,2338.935
"20225",Muy bajo,0.000000,5858.787
"20228",Muy bajo,0.000000,917.298
"20229",Muy bajo,1.000000,13738.852
"20234",Muy bajo,0.000000,6495.479
"20239",Muy bajo,0.000000,4277.416
"20240",Muy bajo,1.000000,6373.856
"20242",Muy bajo,2.000000,24270.114
"20244",Muy bajo,0.000000,6410.350
"20245",Muy bajo,0.000000,4334.325
"20249",Muy bajo,0.000000,711.851
"20250",Muy bajo,0.000000,2350.229
"20251",Muy bajo,0.000000,6397.134
"20252",Muy bajo,0.000000,5588.455
"20255",Muy bajo,0.000000,14155.644
"20256",Muy bajo,0.000000,2441.481
"20258",Muy bajo,0.000000,6758.905
"20259",Muy bajo,0.000000,8613.514
"20261",Muy bajo,0.000000,17922.772
"20264",Muy bajo,0.000000,6155.796
"20269",Muy bajo,0.000000,10326.331
"20270",Muy bajo,0.000000,6497.353
"20272",Muy bajo,0.000000,14418.667
"20274",Muy bajo,0.000000,6548.160
"20281",Muy bajo,0.000000,1967.890
"20283",Muy bajo,0.000000,16217.562
"20285",Muy bajo,0.000000,10374.262
"20286",Muy bajo,0.000000,5557.465
"20287",Muy bajo,0.000000,4670.344
"20290",Muy bajo,0.000000,1134.664
"20297",Muy bajo,0.000000,11749.337
"20300",Muy bajo,0.000000,12144.829
"20302",Muy bajo,0.000000,7435.063
"20304",Muy bajo,0.000000,9468.270
"20311",Muy bajo,0.000000,5153.758
"20312",Muy bajo,0.000000,8514.610
"20313",Muy bajo,0.000000,6943.548
"20317",Muy bajo,0.000000,8188.418
"20320",Muy bajo,0.000000,2639.761
"20321",Muy bajo,0.000000,10960.297
"20322",Muy bajo,0.000000,659.757
"20329",Muy bajo,0.000000,9300.007
"20331",Muy bajo,0.000000,4594.500
"20332",Muy bajo,0.000000,3282.363
"20339",Muy bajo,0.000000,17877.918
"20340",Muy bajo,0.000000,18023.837
"20341",Muy bajo,0.000000,2981.914
"20345",Muy bajo,0.000000,9827.887
"20346",Muy bajo,0.000000,4407.263
"20348",Muy bajo,2.000000,23093.691
"20352",Muy bajo,0.000000,4609.379
"20354",Muy bajo,0.000000,1503.131
"20364",Medio,2.000000,63779.928
"20367",Muy bajo,0.000000,5121.384
"20370",Muy bajo,0.000000,3859.370
"20371",Muy bajo,0.000000,2978.010
"20001",Muy bajo,0.000000,12636.142
"20002",Muy bajo,0.000000,75456.683
"20003",Bajo,1.000000,7631.134
"20008",Bajo,0.000000,18993.930
"20009",Muy bajo,0.000000,15752.857
"20014",Muy bajo,0.000000,29405.435
"20015",Muy bajo,0.000000,11936.071
"20019",Muy bajo,0.000000,17362.485
"20027",Muy bajo,0.000000,3598.552
"20030",Muy bajo,0.000000,5606.183
"20038",Muy bajo,0.000000,5898.201
"20040",Muy bajo,0.000000,4701.366
"20041",Muy bajo,0.000000,14809.086
"20111",Muy bajo,0.000000,6941.031
"20119",Muy bajo,0.000000,8591.398
"20121",Muy bajo,0.000000,7492.450
"20127",Muy bajo,0.000000,3179.482
"20129",Muy bajo,0.000000,5309.111
"20133",Muy bajo,1.000000,10922.216
"20137",Muy bajo,0.000000,28033.659
"20142",Muy bajo,0.000000,1426.097
"20144",Muy bajo,0.000000,4743.222
"20151",Muy bajo,0.000000,8627.091
"20152",Muy bajo,0.000000,9963.556
"20153",Muy bajo,1.000000,17842.301
"20158",Muy bajo,1.000000,6359.464
"20160",Muy bajo,0.000000,5852.157
"20163",Muy bajo,0.000000,1782.332
"20168",Bajo,0.000000,6587.248
"20172",Muy bajo,0.000000,3561.396
"20176",Muy bajo,0.000000,28615.359
"20177",Muy bajo,0.000000,49640.047
"20180",Bajo,0.000000,7212.328
"20181",Muy bajo,1.000000,9328.987
"20185",Muy bajo,0.000000,20259.165
"20186",Muy bajo,0.000000,8998.819
"20188",Muy bajo,0.000000,12397.928
"20195",Muy bajo,0.000000,3490.347
"20199",Muy bajo,0.000000,5220.997
"20202",Muy bajo,1.000000,20948.255
"20206",Muy bajo,0.000000,11951.136
"20031",Bajo,0.000000,11197.425
"20337",Muy bajo,0.000000,17167.988
"20148",Muy bajo,1.000000,4946.645
"20303",Muy bajo,0.000000,281.375
"20138",Muy bajo,0.000000,4466.349
"20165",Muy bajo,0.000000,2181.606
"20455",Muy bajo,0.000000,8984.114
"20518",Muy bajo,0.000000,1181.929
"20140",Muy bajo,0.000000,2257.844
"20156",Bajo,2.000000,9393.743
"20128",Muy bajo,0.000000,1684.628
"20542",Muy bajo,0.000000,1075.886
"20470",Muy bajo,0.000000,43297.640
"20205",Bajo,2.000000,69407.532
"20042",Muy bajo,0.000000,56227.426
"20183",Muy bajo,0.000000,8867.255
"20292",Muy bajo,0.000000,11959.806
"20073",Muy bajo,2.000000,40678.980
"20039",Muy bajo,0.000000,32581.569
"20020",Muy bajo,0.000000,5715.268
"20006",Muy bajo,1.000000,34341.837
"20537",Muy bajo,0.000000,43159.290
"20390",Muy bajo,0.000000,943.658
"20350",Muy bajo,0.000000,732.939
"20515",Bajo,0.000000,119767.365
"20570",Muy bajo,0.000000,35373.353
"20551",Muy bajo,0.000000,13570.668
"20460",Bajo,0.000000,31108.453
"20198",Muy bajo,0.000000,79697.637
"20115",Muy bajo,0.000000,3136.576
"20064",Muy bajo,0.000000,50444.404
"20044",Muy bajo,0.000000,48584.611
"20036",Muy bajo,0.000000,28090.014
"22003",Muy bajo,0.000000,73212.116
"22009",Muy bajo,0.000000,118621.524
"22010",Muy bajo,0.000000,71942.358
"22002",Muy bajo,0.000000,71205.190
"22004",Bajo,0.000000,134738.503
"22015",Muy bajo,0.000000,27681.974
"22013",Muy bajo,0.000000,69495.229
"22018",Bajo,0.000000,68066.690
"22005",Bajo,0.000000,81026.265
"22007",Muy bajo,0.000000,30023.368
"22011",Bajo,0.000000,74763.558
"22014",Bajo,0.000000,68274.918
"22017",Muy bajo,0.000000,36961.750
"22016",Muy bajo,0.000000,77088.693
"22008",Muy bajo,0.000000,38812.911
"22012",Muy bajo,0.000000,32321.119
"22006",Muy bajo,0.000000,23488.718
"22001",Muy bajo,0.000000,71333.382
"24058",Bajo,0.000000,82126.715
"24057",Muy bajo,0.000000,11715.669
"24056",Bajo,0.000000,58674.562
"24055",Muy bajo,0.000000,61417.659
"24054",Bajo,0.000000,39860.743
"24053",Bajo,0.000000,19118.972
"24052",Muy bajo,0.000000,64010.455
"24051",Bajo,0.000000,149649.814
"24050",Muy bajo,0.000000,101988.151
"24049",Muy bajo,0.000000,249221.120
"24048",Muy bajo,0.000000,14384.947
"24047",Muy bajo,0.000000,191244.418
"24046",Muy bajo,0.000000,87813.660
"24045",Muy bajo,0.000000,130099.432
"24044",Muy bajo,0.000000,279948.045
"24043",Muy bajo,0.000000,47864.864
"24042",Bajo,0.000000,14340.665
"24041",Bajo,0.000000,37478.942
"24040",Medio,0.000000,184325.601
"24039",Bajo,0.000000,26265.649
"24038",Bajo,0.000000,18731.577
"24037",Bajo,0.000000,35370.594
"24036",Bajo,0.000000,132294.520
"24035",Muy bajo,0.000000,30571.670
"24034",Bajo,0.000000,51874.255
"24033",Muy bajo,0.000000,432262.614
"24032",Muy bajo,0.000000,170104.171
"24031",Bajo,0.000000,64064.447
"24030",Muy bajo,0.000000,69237.078
"24029",Bajo,0.000000,41312.980
"24028",Bajo,0.000000,148199.624
"24027",Muy bajo,0.000000,63915.354
"24026",Bajo,0.000000,9469.183
"24025",Muy bajo,0.000000,172984.194
"24024",Bajo,0.000000,306397.240
"24023",Bajo,0.000000,78640.954
"24022",Bajo,0.000000,129152.498
"24021",Bajo,0.000000,87709.975
"24020",Muy bajo,0.000000,130167.953
"24019",Muy bajo,0.000000,53549.562
"24018",Muy bajo,0.000000,7145.125
"24017",Bajo,0.000000,374586.451
"24016",Medio,0.000000,69854.380
"24015",Muy bajo,0.000000,215669.956
"24014",Bajo,0.000000,9093.729
"24013",Medio,0.000000,242356.839
"24012",Muy bajo,0.000000,13736.497
"24011",Muy bajo,0.000000,51846.879
"24010",Bajo,0.000000,315038.100
"24009",Muy bajo,0.000000,12261.767
"24008",Bajo,0.000000,96243.832
"24007",Muy bajo,0.000000,116935.194
"24006",Muy bajo,0.000000,194494.716
"24005",Muy bajo,0.000000,39049.847
"24004",Muy bajo,0.000000,62336.707
"24003",Bajo,0.000000,79418.928
"24002",Bajo,0.000000,58623.509
"24001",Bajo,0.000000,77543.362
"11009",Muy bajo,0.000000,48865.722
"11007",Muy bajo,0.000000,55305.812
"11025",Muy bajo,0.000000,29068.367
"11030",Muy bajo,1.000000,300686.552
"11045",Muy bajo,16.000000,91128.899
"11013",Muy bajo,0.000000,23080.752
"11034",Muy bajo,0.000000,19465.817
"11040",Muy bajo,0.000000,40937.269
"11041",Muy bajo,0.000000,11633.430
"11043",Muy bajo,1.000000,104736.587
"11006",Muy bajo,0.000000,31407.349
"11028",Muy bajo,0.000000,59286.912
"11032",Muy bajo,0.000000,54814.068
"11024",Muy bajo,0.000000,5987.786
"11036",Muy bajo,0.000000,8361.537
"11004",Muy bajo,0.000000,37386.512
"11005",Muy bajo,0.000000,42041.025
"11046",Muy bajo,1.000000,66632.808
"11019",Muy bajo,0.000000,88306.722
"11039",Muy bajo,0.000000,33422.493
"11010",Muy bajo,0.000000,12380.385
"11038",Muy bajo,0.000000,12078.525
"11011",Muy bajo,0.000000,33521.166
"11002",Muy bajo,0.000000,87775.501
"11003",Muy bajo,1.000000,155382.207
"11031",Muy bajo,0.000000,42537.655
"11008",Muy bajo,0.000000,81984.121
"11012",Muy bajo,1.000000,26031.806
"11042",Muy bajo,1.000000,81963.388
"11033",Muy bajo,0.000000,203131.344
"11023",Muy bajo,0.000000,156105.730
"11037",Muy bajo,1.000000,53852.491
"11001",Muy bajo,1.000000,61530.615
"11016",Muy bajo,0.000000,12752.072
"11029",Muy bajo,0.000000,101308.792
"11044",Muy bajo,0.000000,12848.435
"11035",Bajo,1.000000,42908.487
"11027",Bajo,0.000000,75559.449
"11017",Muy bajo,0.000000,85105.406
"11026",Muy bajo,0.000000,44070.662
"11015",Muy bajo,3.000000,101412.853
"11020",Muy bajo,1.000000,122156.705
"11018",Muy bajo,0.000000,17538.604
"11022",Muy bajo,0.000000,102627.011
"11021",Muy bajo,0.000000,15974.945
"11014",Muy bajo,1.000000,165572.512
"01005",Muy bajo,0.000000,50498.959
"01011",Muy bajo,0.000000,13918.755
"01001",Muy bajo,0.000000,117810.024
"01008",Muy bajo,0.000000,86670.031
"01007",Muy bajo,0.000000,37619.921
"01009",Muy bajo,0.000000,23206.391
"01004",Muy bajo,0.000000,12973.892
"01002",Muy bajo,0.000000,54900.896
"01003",Muy bajo,0.000000,93273.757
"01010",Muy bajo,0.000000,50918.259
"01006",Muy bajo,0.000000,19776.226
"30001",Muy bajo,0.000000,9749.508
"30002",Muy bajo,0.000000,1826.913
"30003",Bajo,0.000000,65567.550
"30004",Muy bajo,0.000000,85945.815
"30005",Muy bajo,0.000000,19502.192
"30006",Muy bajo,0.000000,16889.971
"30007",Bajo,0.000000,12406.797
"30008",Muy bajo,0.000000,7087.978
"30009",Bajo,0.000000,64825.770
"30010",Bajo,0.000000,32847.962
"30011",Bajo,0.000000,82693.218
"30012",Muy bajo,0.000000,13506.560
"30013",Bajo,0.000000,13595.279
"30014",Bajo,0.000000,15143.979
"30015",Muy bajo,0.000000,43054.833
"30016",Bajo,0.000000,13125.304
"30017",Muy bajo,0.000000,6768.725
"30018",Muy bajo,0.000000,2068.800
"30019",Muy bajo,0.000000,2983.690
"30020",Bajo,0.000000,6218.712
"30021",Bajo,0.000000,12284.268
"30022",Muy bajo,0.000000,6536.789
"30023",Medio,0.000000,52192.086
"30024",Muy bajo,0.000000,27780.303
"30026",Muy bajo,0.000000,1979.786
"30027",Bajo,0.000000,23261.581
"30028",Muy bajo,0.000000,3807.820
"30029",Muy bajo,0.000000,13407.666
"30030",Bajo,0.000000,2090.292
"30031",Muy bajo,0.000000,24966.060
"30032",Bajo,0.000000,65911.735
"30033",Medio,0.000000,27234.656
"30034",Bajo,0.000000,9101.402
"30035",Bajo,0.000000,8125.136
"30036",Muy bajo,0.000000,4394.361
"30037",Muy bajo,0.000000,4176.283
"30038",Muy bajo,0.000000,20231.755
"30039",Muy bajo,0.000000,31193.240
"30040",Bajo,0.000000,27766.461
"30041",Bajo,0.000000,944.048
"30042",Bajo,0.000000,13041.257
"30043",Bajo,0.000000,31091.500
"30044",Bajo,0.000000,15985.357
"30045",Muy bajo,0.000000,51792.919
"30046",Muy bajo,0.000000,7659.618
"30047",Muy bajo,0.000000,15810.525
"30048",Muy bajo,0.000000,27682.893
"30049",Muy bajo,0.000000,53732.557
"30050",Muy bajo,0.000000,8026.390
"30051",Bajo,0.000000,23403.963
"30052",Bajo,0.000000,3471.296
"30053",Bajo,0.000000,15032.099
"30054",Muy bajo,0.000000,29046.310
"30057",Muy bajo,0.000000,13372.859
"30058",Medio,0.000000,93645.866
"30059",Muy bajo,0.000000,17447.539
"30060",Muy bajo,0.000000,14020.953
"30061",Muy bajo,0.000000,350887.886
"30062",Muy bajo,0.000000,4431.764
"30063",Medio,0.000000,39048.673
"30064",Muy bajo,0.000000,2299.203
"30065",Muy bajo,0.000000,41583.387
"30066",Muy bajo,0.000000,24090.038
"30067",Muy bajo,0.000000,4329.258
"30068",Bajo,0.000000,6118.596
"30069",Bajo,0.000000,17946.360
"30070",Muy bajo,0.000000,106514.242
"30071",Bajo,0.000000,20290.912
"30072",Bajo,0.000000,52226.775
"30073",Bajo,0.000000,70994.662
"30074",Bajo,0.000000,1872.156
"30075",Bajo,0.000000,39691.825
"30076",Muy bajo,0.000000,15533.398
"30077",Bajo,0.000000,92686.888
"30078",Bajo,0.000000,17685.235
"30079",Muy bajo,0.000000,14982.826
"30080",Bajo,0.000000,12939.028
"30081",Muy bajo,0.000000,5237.603
"30082",Muy bajo,0.000000,15671.308
"30083",Medio,0.000000,66915.675
"30084",Muy bajo,0.000000,34725.438
"30085",Bajo,0.000000,13736.514
"30086",Bajo,0.000000,20808.948
"30087",Muy bajo,0.000000,12458.726
"30088",Muy bajo,0.000000,7271.866
"30089",Muy bajo,0.000000,31683.069
"30090",Muy bajo,0.000000,13212.727
"30091",Muy bajo,0.000000,141302.056
"30092",Muy bajo,0.000000,17903.430
"30093",Muy bajo,0.000000,5628.092
"30094",Bajo,0.000000,99211.372
"30095",Bajo,0.000000,18781.464
"30096",Muy bajo,0.000000,1760.872
"30097",Muy bajo,0.000000,8398.340
"30098",Bajo,0.000000,1376.641
"30099",Muy bajo,0.000000,11058.986
"30100",Bajo,0.000000,24714.627
"30101",Muy bajo,0.000000,6952.163
"30102",Bajo,0.000000,39865.530
"30103",Muy bajo,0.000000,4362.258
"30105",Muy bajo,0.000000,39734.096
"30106",Muy bajo,0.000000,2947.265
"30107",Muy bajo,0.000000,5076.843
"30108",Muy bajo,0.000000,211813.410
"30109",Medio,0.000000,52339.681
"30110",Muy bajo,0.000000,6650.868
"30111",Muy bajo,0.000000,24959.145
"30112",Muy bajo,0.000000,10840.936
"30113",Bajo,0.000000,1858.972
"30114",Medio,0.000000,35557.343
"30115",Bajo,0.000000,6444.910
"30116",Muy bajo,0.000000,7801.600
"30117",Bajo,0.000000,21380.633
"30118",Bajo,0.000000,2768.452
"30119",Muy bajo,0.000000,4983.648
"30120",Muy bajo,0.000000,2232.942
"30121",Medio,0.000000,239156.469
"30122",Muy bajo,0.000000,31165.233
"30123",Alto,0.000000,316814.964
"30124",Medio,0.000000,145645.504
"30125",Bajo,0.000000,40063.869
"30126",Bajo,0.000000,38806.053
"30127",Muy bajo,0.000000,13787.620
"30128",Muy bajo,0.000000,60906.982
"30129",Bajo,0.000000,24479.343
"30130",Bajo,0.000000,119274.168
"30131",Bajo,0.000000,6411.224
"30132",Muy bajo,0.000000,9975.619
"30133",Medio,0.000000,28865.063
"30134",Muy bajo,0.000000,38409.115
"30135",Bajo,0.000000,2644.293
"30136",Muy bajo,0.000000,1152.373
"30137",Bajo,0.000000,3420.437
"30138",Muy bajo,0.000000,1524.138
"30139",Muy bajo,0.000000,10848.662
"30140",Bajo,0.000000,2190.481
"30141",Muy bajo,0.000000,95693.251
"30142",Muy bajo,0.000000,126166.832
"30143",Bajo,0.000000,61782.642
"30144",Muy bajo,0.000000,66246.823
"30145",Muy bajo,0.000000,9627.219
"30146",Muy bajo,0.000000,1633.597
"30147",Bajo,0.000000,11472.883
"30148",Bajo,0.000000,41607.575
"30149",Bajo,0.000000,47977.536
"30152",Medio,0.000000,87479.107
"30153",Bajo,0.000000,15616.868
"30154",Bajo,0.000000,33357.832
"30155",Bajo,0.000000,130230.487
"30156",Muy bajo,0.000000,9189.039
"30157",Bajo,0.000000,27264.270
"30158",Medio,0.000000,53105.667
"30159",Muy bajo,0.000000,8792.628
"30160",Medio,0.000000,127708.910
"30161",Bajo,0.000000,115239.288
"30162",Muy bajo,0.000000,6520.632
"30163",Bajo,0.000000,8680.459
"30164",Muy bajo,0.000000,6080.419
"30165",Bajo,0.000000,6019.300
"30166",Muy bajo,0.000000,9552.268
"30167",Bajo,0.000000,22732.488
"30168",Bajo,0.000000,10000.082
"30169",Bajo,0.000000,53548.601
"30170",Bajo,0.000000,19524.927
"30171",Bajo,0.000000,4267.317
"30172",Muy bajo,0.000000,44902.746
"30173",Bajo,0.000000,52250.868
"30174",Muy bajo,0.000000,151786.432
"30175",Medio,0.000000,71839.649
"30176",Muy bajo,0.000000,10272.178
"30177",Muy bajo,0.000000,13345.784
"30178",Muy bajo,0.000000,57853.594
"30179",Muy bajo,0.000000,6531.146
"30180",Medio,0.000000,22574.568
"30181",Bajo,0.000000,91789.843
"30182",Muy bajo,0.000000,3670.344
"30183",Bajo,0.000000,16797.098
"30184",Bajo,0.000000,5640.062
"30185",Bajo,0.000000,1121.259
"30186",Muy bajo,0.000000,1877.712
"30187",Muy bajo,0.000000,5023.874
"30188",Muy bajo,0.000000,9791.988
"30189",Medio,0.000000,96430.492
"30190",Muy bajo,0.000000,5611.774
"30191",Muy bajo,0.000000,12418.010
"30192",Bajo,0.000000,33861.386
"30194",Muy bajo,0.000000,5145.231
"30195",Bajo,0.000000,3735.212
"30196",Bajo,0.000000,8789.145
"30197",Bajo,0.000000,11246.839
"30198",Bajo,0.000000,26374.901
"30199",Muy bajo,0.000000,2169.722
"30200",Bajo,0.000000,17805.409
"30201",Bajo,0.000000,28259.497
"30202",Bajo,0.000000,24212.452
"30203",Bajo,0.000000,6894.222
"30204",Muy bajo,0.000000,37237.029
"30205",Bajo,0.000000,39114.816
"30206",Muy bajo,0.000000,2827.966
"30207",Muy bajo,0.000000,54765.535
"30208",Muy bajo,0.000000,24535.836
"30209",Muy bajo,0.000000,29502.147
"30210",Muy bajo,0.000000,190632.922
"30211",Bajo,0.000000,29185.719
"30212",Bajo,0.000000,39911.679
"29020",Muy bajo,0.000000,9923.564
"29060",Muy bajo,0.000000,604.479
"29059",Muy bajo,0.000000,543.679
"29058",Muy bajo,0.000000,1009.376
"29057",Muy bajo,0.000000,796.625
"29056",Muy bajo,0.000000,919.905
"29055",Muy bajo,0.000000,2880.217
"29054",Muy bajo,0.000000,449.613
"29053",Muy bajo,0.000000,449.185
"29052",Muy bajo,0.000000,3598.543
"29051",Muy bajo,0.000000,778.606
"29050",Muy bajo,0.000000,3950.686
"29049",Muy bajo,0.000000,1020.757
"29048",Muy bajo,0.000000,1181.475
"29047",Muy bajo,0.000000,2544.263
"29046",Muy bajo,0.000000,4989.697
"29045",Muy bajo,0.000000,2560.997
"29044",Muy bajo,0.000000,2949.672
"29043",Muy bajo,0.000000,3679.028
"29042",Muy bajo,0.000000,731.985
"29041",Muy bajo,0.000000,2324.827
"29040",Muy bajo,0.000000,10281.325
"29039",Muy bajo,0.000000,4151.171
"29038",Muy bajo,0.000000,3840.590
"29037",Muy bajo,0.000000,7709.137
"29036",Muy bajo,0.000000,1381.098
"29035",Muy bajo,0.000000,1425.217
"29034",Muy bajo,0.000000,57547.918
"29033",Muy bajo,0.000000,5213.019
"29032",Muy bajo,0.000000,2613.936
"29031",Muy bajo,0.000000,16981.372
"29030",Muy bajo,0.000000,15466.632
"29029",Muy bajo,0.000000,1645.109
"29028",Muy bajo,0.000000,7663.162
"29027",Muy bajo,0.000000,1324.234
"29026",Muy bajo,0.000000,2588.902
"29025",Muy bajo,0.000000,5892.873
"29024",Muy bajo,0.000000,6095.499
"29023",Muy bajo,0.000000,5249.785
"29022",Muy bajo,0.000000,1499.612
"29021",Muy bajo,0.000000,10822.980
"29019",Muy bajo,0.000000,2310.822
"29018",Muy bajo,0.000000,2615.216
"29017",Muy bajo,0.000000,1464.204
"29016",Muy bajo,0.000000,4440.054
"29015",Muy bajo,0.000000,16149.149
"29014",Muy bajo,0.000000,17598.782
"29013",Muy bajo,0.000000,34879.947
"29012",Muy bajo,0.000000,13969.441
"29011",Muy bajo,0.000000,3637.836
"29010",Muy bajo,0.000000,7722.216
"29009",Muy bajo,0.000000,1667.261
"29008",Muy bajo,0.000000,8426.264
"29007",Muy bajo,0.000000,5843.324
"29006",Muy bajo,0.000000,25394.849
"29005",Muy bajo,0.000000,4386.664
"29004",Muy bajo,0.000000,18818.347
"29003",Muy bajo,0.000000,10815.888
"29002",Muy bajo,0.000000,1161.920
"21027",Muy bajo,0.000000,39279.399
"21047",Muy bajo,0.000000,80417.780
"21072",Bajo,0.000000,4760.728
"21073",Muy bajo,0.000000,13809.175
"21088",Bajo,0.000000,2999.118
"21155",Muy bajo,0.000000,14524.993
"21216",Bajo,0.000000,1915.174
"21117",Muy bajo,0.000000,411.287
"21001",Muy bajo,0.000000,17688.032
"21002",Bajo,0.000000,18082.383
"21004",Muy bajo,0.000000,14057.528
"21005",Muy bajo,0.000000,7512.858
"21006",Muy bajo,0.000000,9133.923
"21007",Muy bajo,0.000000,18503.289
"21008",Muy bajo,0.000000,6073.598
"21009",Muy bajo,0.000000,7225.117
"21010",Muy bajo,0.000000,39387.865
"21011",Muy bajo,0.000000,7937.607
"21012",Muy bajo,0.000000,5229.555
"21013",Muy bajo,0.000000,4714.963
"21014",Bajo,0.000000,4451.652
"21015",Muy bajo,0.000000,13509.159
"21016",Muy bajo,0.000000,16680.697
"21017",Muy bajo,0.000000,4809.334
"21018",Muy bajo,0.000000,33162.023
"21019",Muy bajo,0.000000,29320.974
"21020",Muy bajo,0.000000,2693.747
"21021",Muy bajo,0.000000,1134.272
"21022",Muy bajo,0.000000,12980.239
"21023",Muy bajo,0.000000,13314.037
"21024",Muy bajo,0.000000,18816.819
"21025",Bajo,0.000000,10672.995
"21026",Muy bajo,0.000000,6690.516
"21028",Bajo,0.000000,1616.958
"21029",Bajo,0.000000,1399.038
"21030",Bajo,0.000000,1225.805
"21031",Muy bajo,0.000000,11513.022
"21032",Muy bajo,0.000000,24065.365
"21033",Muy bajo,0.000000,4745.914
"21034",Muy bajo,0.000000,3673.973
"21035",Muy bajo,0.000000,24928.824
"21036",Muy bajo,0.000000,22870.385
"21037",Muy bajo,0.000000,13374.241
"21038",Muy bajo,0.000000,2330.060
"21039",Bajo,0.000000,6134.144
"21040",Muy bajo,0.000000,16027.841
"21041",Muy bajo,0.000000,3817.359
"21042",Muy bajo,0.000000,19885.132
"21043",Bajo,0.000000,18169.163
"21044",Muy bajo,0.000000,30132.525
"21045",Muy bajo,0.000000,38965.818
"21046",Muy bajo,0.000000,8714.957
"21048",Muy bajo,0.000000,8107.600
"21049",Muy bajo,0.000000,8960.533
"21050",Muy bajo,0.000000,10934.482
"21051",Muy bajo,0.000000,32551.074
"21052",Muy bajo,0.000000,2594.313
"21053",Muy bajo,0.000000,75968.129
"21054",Muy bajo,0.000000,14832.736
"21055",Muy bajo,0.000000,12878.801
"21056",Muy bajo,0.000000,14112.911
"21057",Muy bajo,0.000000,6374.646
"21058",Muy bajo,0.000000,14590.630
"21059",Muy bajo,0.000000,8849.630
"21060",Muy bajo,0.000000,1610.747
"21061",Muy bajo,0.000000,9957.308
"21062",Muy bajo,0.000000,5214.851
"21063",Muy bajo,0.000000,7926.982
"21064",Medio,0.000000,42865.727
"21065",Muy bajo,0.000000,9152.116
"21066",Muy bajo,0.000000,15500.492
"21067",Muy bajo,0.000000,22808.594
"21068",Bajo,0.000000,5050.204
"21069",Muy bajo,0.000000,23136.085
"21070",Muy bajo,0.000000,16841.045
"21071",Muy bajo,0.000000,25095.158
"21074",Muy bajo,0.000000,17295.009
"21075",Bajo,0.000000,7480.540
"21076",Bajo,0.000000,31911.446
"21077",Bajo,0.000000,4213.014
"21078",Bajo,0.000000,6957.622
"21079",Muy bajo,0.000000,5056.925
"21080",Bajo,0.000000,1243.407
"21081",Muy bajo,0.000000,30830.100
"21082",Muy bajo,0.000000,10674.802
"21083",Muy bajo,0.000000,56112.965
"21084",Bajo,0.000000,1964.869
"21085",Muy bajo,0.000000,53704.522
"21086",Bajo,0.000000,20591.709
"21087",Muy bajo,0.000000,60140.736
"21089",Muy bajo,0.000000,17034.259
"21090",Muy bajo,0.000000,2229.593
"21091",Muy bajo,0.000000,2298.015
"21092",Muy bajo,0.000000,22508.691
"21093",Muy bajo,0.000000,18034.184
"21094",Muy bajo,0.000000,27414.118
"21095",Muy bajo,0.000000,1124.566
"21096",Muy bajo,0.000000,5544.965
"21097",Muy bajo,0.000000,950.630
"21098",Muy bajo,0.000000,15665.522
"21099",Muy bajo,0.000000,24461.045
"21100",Muy bajo,0.000000,6109.474
"21101",Bajo,0.000000,2762.053
"21102",Muy bajo,0.000000,1887.921
"21103",Muy bajo,0.000000,10840.333
"21104",Muy bajo,0.000000,16749.981
"21105",Muy bajo,0.000000,6717.277
"21106",Muy bajo,0.000000,11979.208
"21107",Bajo,0.000000,6304.324
"21108",Muy bajo,0.000000,23958.319
"21109",Muy bajo,0.000000,9845.593
"21110",Muy bajo,0.000000,36225.729
"21111",Medio,0.000000,22030.229
"21112",Muy bajo,0.000000,23285.818
"21113",Muy bajo,0.000000,22118.485
"21114",Muy bajo,0.000000,54730.909
"21115",Muy bajo,0.000000,18683.316
"21116",Muy bajo,0.000000,16712.732
"21118",Muy bajo,0.000000,3077.299
"21119",Muy bajo,0.000000,5866.008
"21120",Muy bajo,0.000000,8004.153
"21121",Muy bajo,0.000000,13301.968
"21122",Muy bajo,0.000000,3938.787
"21123",Bajo,0.000000,4515.082
"21124",Muy bajo,0.000000,10927.573
"21125",Muy bajo,0.000000,1178.905
"21126",Muy bajo,0.000000,3983.146
"21127",Muy bajo,0.000000,14299.321
"21128",Muy bajo,0.000000,17701.583
"21129",Muy bajo,0.000000,33532.375
"21130",Muy bajo,0.000000,9625.335
"21131",Muy bajo,0.000000,2474.411
"21132",Muy bajo,0.000000,8956.712
"21133",Muy bajo,0.000000,720.823
"21134",Muy bajo,0.000000,5072.700
"21135",Muy bajo,0.000000,7278.243
"21136",Muy bajo,0.000000,831.944
"21137",Muy bajo,0.000000,21057.054
"21138",Muy bajo,0.000000,16215.219
"21139",Muy bajo,0.000000,9688.438
"21140",Muy bajo,0.000000,7690.647
"21141",Muy bajo,0.000000,17507.191
"21142",Muy bajo,0.000000,22029.184
"21143",Muy bajo,0.000000,11092.869
"21144",Muy bajo,0.000000,2382.771
"21145",Muy bajo,0.000000,23675.256
"21146",Muy bajo,0.000000,4755.022
"21147",Muy bajo,0.000000,28629.270
"21148",Muy bajo,0.000000,3278.397
"21149",Muy bajo,0.000000,9399.623
"21150",Muy bajo,0.000000,18035.544
"21151",Muy bajo,0.000000,1940.792
"21152",Muy bajo,0.000000,11427.671
"21153",Muy bajo,0.000000,17566.061
"21154",Muy bajo,0.000000,18040.817
"21156",Muy bajo,0.000000,55299.434
"21157",Muy bajo,0.000000,49170.044
"21158",Muy bajo,0.000000,14028.355
"21159",Muy bajo,0.000000,24867.667
"21160",Muy bajo,0.000000,13674.675
"21161",Muy bajo,0.000000,22477.684
"21162",Bajo,0.000000,2873.138
"21163",Muy bajo,0.000000,6131.604
"21164",Muy bajo,0.000000,21747.133
"21165",Muy bajo,0.000000,2956.471
"21166",Muy bajo,0.000000,13226.348
"21167",Bajo,0.000000,7092.389
"21168",Muy bajo,0.000000,11620.693
"21169",Muy bajo,0.000000,39205.202
"21170",Muy bajo,0.000000,45061.942
"21171",Muy bajo,0.000000,1564.284
"21172",Bajo,0.000000,32858.248
"21173",Muy bajo,0.000000,977.644
"21174",Bajo,0.000000,9252.424
"21175",Muy bajo,0.000000,13325.094
"21176",Muy bajo,0.000000,8363.053
"21177",Muy bajo,0.000000,39613.460
"21178",Bajo,0.000000,17331.690
"21179",Muy bajo,0.000000,42127.645
"21180",Muy bajo,0.000000,31385.490
"21181",Muy bajo,0.000000,2148.435
"21182",Muy bajo,0.000000,1492.417
"21183",Muy bajo,0.000000,14296.865
"21184",Muy bajo,0.000000,6332.962
"21185",Muy bajo,0.000000,8378.141
"21186",Bajo,0.000000,29412.227
"21187",Bajo,0.000000,5478.633
"21188",Muy bajo,0.000000,21895.766
"21189",Muy bajo,0.000000,10186.264
"21190",Muy bajo,0.000000,15541.393
"21191",Muy bajo,0.000000,27777.352
"21192",Bajo,0.000000,4192.328
"21193",Muy bajo,0.000000,27881.965
"21194",Bajo,0.000000,31654.083
"21195",Muy bajo,0.000000,26127.820
"21196",Muy bajo,0.000000,6031.084
"21197",Bajo,0.000000,31252.559
"21198",Muy bajo,0.000000,20465.221
"21200",Bajo,0.000000,6020.092
"21201",Muy bajo,0.000000,4661.216
"21202",Bajo,0.000000,7840.312
"21203",Muy bajo,0.000000,16362.774
"21204",Bajo,0.000000,2959.077
"21205",Muy bajo,0.000000,12803.923
"21206",Muy bajo,0.000000,24775.744
"21207",Bajo,0.000000,17653.304
"21208",Muy bajo,0.000000,48920.486
"21209",Muy bajo,0.000000,42931.996
"21210",Bajo,0.000000,2034.602
"21211",Muy bajo,0.000000,3076.875
"21212",Muy bajo,0.000000,26671.503
"21213",Muy bajo,0.000000,17622.400
"21214",Muy bajo,0.000000,6284.835
"21215",Bajo,0.000000,3650.310
"21217",Muy bajo,0.000000,26926.164
"21199",Muy bajo,0.000000,14588.609
"13035",Muy bajo,0.000000,14634.030
"13007",Muy bajo,0.000000,27231.965
"13008",Muy bajo,0.000000,32222.370
"13001",Muy bajo,0.000000,24160.396
"13002",Muy bajo,0.000000,23886.807
"13003",Bajo,0.000000,27180.286
"13004",Bajo,0.000000,12001.910
"13006",Muy bajo,0.000000,43352.336
"13011",Bajo,0.000000,14264.968
"13012",Bajo,0.000000,45851.108
"13014",Muy bajo,0.000000,21101.014
"13015",Bajo,0.000000,59362.836
"13016",Muy bajo,0.000000,39139.370
"13018",Bajo,0.000000,23163.247
"13022",Muy bajo,0.000000,14080.403
"13024",Muy bajo,0.000000,30284.595
"13025",Bajo,0.000000,29231.123
"13026",Muy bajo,0.000000,10745.599
"13027",Bajo,0.000000,21483.835
"13028",Bajo,0.000000,39404.536
"13030",Bajo,0.000000,48659.532
"13031",Bajo,0.000000,44098.593
"13032",Muy bajo,0.000000,3838.517
"13033",Muy bajo,0.000000,11079.030
"13034",Bajo,0.000000,17720.869
"13036",Bajo,0.000000,24572.337
"13038",Bajo,0.000000,19214.146
"13039",Muy bajo,0.000000,5342.709
"13040",Muy bajo,0.000000,23278.655
"13042",Bajo,0.000000,19826.585
"13043",Bajo,0.000000,24970.426
"13045",Muy bajo,0.000000,7973.465
"13046",Bajo,0.000000,32398.779
"13047",Bajo,0.000000,38539.862
"13049",Muy bajo,0.000000,18807.653
"13051",Muy bajo,0.000000,11401.559
"13053",Bajo,0.000000,35847.832
"13055",Bajo,0.000000,25622.500
"13056",Muy bajo,0.000000,6429.112
"13057",Muy bajo,0.000000,42020.735
"13058",Muy bajo,0.000000,24001.201
"13060",Bajo,0.000000,17663.193
"13062",Bajo,0.000000,34734.482
"13068",Muy bajo,0.000000,25545.573
"13071",Bajo,0.000000,53159.849
"13073",Bajo,0.000000,39211.133
"13077",Muy bajo,0.000000,21741.469
"13078",Muy bajo,0.000000,13541.021
"13079",Bajo,0.000000,18706.762
"13080",Bajo,0.000000,15435.404
"13081",Bajo,0.000000,27269.200
"13084",Bajo,0.000000,87249.982
"13072",Muy bajo,0.000000,8292.689
"13021",Muy bajo,0.000000,12301.189
"13059",Muy bajo,0.000000,52502.916
"13020",Bajo,0.000000,23953.868
"13037",Bajo,0.000000,79690.965
"13029",Muy bajo,0.000000,66074.631
"13061",Muy bajo,0.000000,24290.858
"13083",Muy bajo,0.000000,31986.840
"13069",Muy bajo,0.000000,7680.901
"13075",Muy bajo,0.000000,11711.154
"13052",Muy bajo,0.000000,29736.449
"13066",Muy bajo,0.000000,9072.790
"13041",Muy bajo,0.000000,13586.501
"13067",Muy bajo,0.000000,16335.080
"13070",Muy bajo,0.000000,2818.404
"13074",Muy bajo,0.000000,4231.432
"13044",Muy bajo,0.000000,34131.485
"13017",Muy bajo,0.000000,27833.062
"13063",Muy bajo,0.000000,35342.568
"13076",Muy bajo,0.000000,33611.249
"13010",Muy bajo,0.000000,6245.004
"13013",Muy bajo,0.000000,12232.058
"13064",Muy bajo,0.000000,14784.985
"13009",Bajo,0.000000,13759.729
"13019",Muy bajo,0.000000,22282.414
"13023",Muy bajo,0.000000,9803.504
"13048",Muy bajo,0.000000,15409.663
"13050",Muy bajo,0.000000,9097.785
"13054",Muy bajo,0.000000,20571.494
"13082",Muy bajo,0.000000,11695.313
"13065",Muy bajo,0.000000,4493.407
"13005",Muy bajo,0.000000,23899.106
"29001",Muy bajo,0.000000,1139.411
"30025",Muy bajo,0.000000,17302.070
"30055",Bajo,0.000000,15199.772
"30056",Bajo,0.000000,9263.864
"30104",Bajo,0.000000,29645.819
"30150",Medio,0.000000,39997.172
"30151",Medio,0.000000,101809.602
"30193",Bajo,0.000000,24716.151
"21003",Muy bajo,0.000000,60854.814
"19026",Muy bajo,0.000000,11769.495
"19031",Muy bajo,0.000000,24729.672
"19041",Muy bajo,0.000000,32280.435
"19049",Muy bajo,0.000000,73922.540
"19018",Muy bajo,0.000000,103207.966
"19048",Muy bajo,0.000000,91579.858
"19039",Muy bajo,0.000000,32477.733
"19019",Muy bajo,0.000000,7078.226
"19010",Muy bajo,0.000000,10438.368
"19021",Muy bajo,0.000000,14892.544
"19045",Muy bajo,0.000000,166725.376
"19025",Muy bajo,0.000000,18449.434
"19006",Muy bajo,0.000000,22471.146
"19012",Muy bajo,0.000000,13873.539
"19047",Muy bajo,0.000000,17058.507
"19001",Muy bajo,0.000000,4687.832
"19013",Bajo,0.000000,426570.528
"19020",Muy bajo,0.000000,188859.552
"19003",Muy bajo,0.000000,69451.292
"19015",Muy bajo,0.000000,72073.509
"19051",Muy bajo,0.000000,87933.698
"19044",Muy bajo,0.000000,154144.863
"19046",Muy bajo,0.000000,6017.002
"19008",Muy bajo,0.000000,46671.274
"19033",Bajo,0.000000,250920.725
"19050",Bajo,0.000000,176494.929
"19043",Muy bajo,0.000000,68306.789
"19042",Muy bajo,0.000000,134095.337
"19040",Bajo,0.000000,117124.113
"19038",Bajo,0.000000,186894.040
"19037",Muy bajo,0.000000,385996.277
"19036",Muy bajo,0.000000,99791.432
"19035",Muy bajo,0.000000,20780.007
"19034",Muy bajo,0.000000,26486.356
"19032",Muy bajo,0.000000,342806.062
"19030",Bajo,0.000000,56050.709
"19029",Bajo,0.000000,12779.163
"19028",Muy bajo,0.000000,44317.976
"19027",Muy bajo,0.000000,49654.973
"19024",Muy bajo,0.000000,130667.298
"19023",Muy bajo,0.000000,38792.718
"19022",Bajo,0.000000,247884.346
"19017",Bajo,0.000000,706828.179
"19016",Muy bajo,0.000000,61470.862
"19014",Bajo,0.000000,505366.535
"19011",Muy bajo,0.000000,100748.717
"19009",Muy bajo,0.000000,114085.991
"19007",Muy bajo,0.000000,268862.870
"19005",Bajo,0.000000,453921.664
"19004",Muy bajo,0.000000,19045.227
"19002",Muy bajo,0.000000,98087.674
"05035",Muy bajo,0.000000,128274.583
"05024",Muy bajo,0.000000,1062060.558
"05017",Muy bajo,0.000000,80604.412
"05038",Bajo,0.000000,793874.237
"05037",Bajo,0.000000,185452.955
"05036",Muy bajo,0.000000,440175.658
"05034",Bajo,0.000000,792172.470
"05033",Muy bajo,0.000000,714387.255
"05032",Bajo,0.000000,80240.399
"05031",Muy bajo,0.000000,644304.625
"05030",Muy bajo,0.000000,561956.759
"05029",Muy bajo,0.000000,28936.293
"05028",Bajo,0.000000,197627.405
"05027",Muy bajo,0.000000,675438.909
"05026",Muy bajo,0.000000,288649.856
"05025",Bajo,0.000000,47443.138
"05023",Bajo,0.000000,2602444.071
"05022",Muy bajo,0.000000,90793.231
"05021",Muy bajo,0.000000,71657.499
"05020",Bajo,0.000000,828845.704
"05019",Muy bajo,0.000000,63915.333
"05018",Muy bajo,0.000000,125151.703
"05016",Muy bajo,0.000000,67336.647
"05015",Muy bajo,0.000000,245812.240
"05014",Bajo,0.000000,220093.812
"05013",Bajo,0.000000,112979.560
"05012",Bajo,0.000000,292672.375
"05011",Muy bajo,0.000000,264087.572
"05010",Muy bajo,0.000000,45745.679
"05009",Muy bajo,0.000000,281006.738
"05008",Muy bajo,0.000000,102490.289
"05007",Muy bajo,0.000000,1067231.395
"05006",Muy bajo,0.000000,334305.368
"05005",Muy bajo,0.000000,211881.976
"05004",Muy bajo,0.000000,163533.530
"05003",Muy bajo,0.000000,25164.276
"05002",Bajo,0.000000,1146397.182
"05001",Muy bajo,0.000000,74315.090
"28016",Muy bajo,0.000000,213608.855
"28027",Bajo,0.000000,122403.102
"28012",Medio,0.000000,324256.251
"28041",Bajo,0.000000,146356.508
"28039",Bajo,0.000000,307597.792
"28008",Medio,0.000000,301399.561
"28019",Medio,0.000000,256858.274
"28023",Medio,0.000000,253310.495
"28001",Alto,0.000000,185887.263
"28002",Medio,0.000000,381935.744
"28004",Muy bajo,0.000000,58224.181
"28005",Medio,0.000000,190503.500
"28010",Alto,0.000000,188944.515
"28018",Alto,0.000000,166961.557
"28028",Muy bajo,0.000000,30302.332
"28029",Bajo,0.000000,147714.440
"28037",Muy alto,0.000000,671554.796
"28040",Bajo,0.000000,89975.299
"28020",Muy bajo,0.000000,36422.664
"28015",Muy bajo,0.000000,43248.567
"28017",Medio,0.000000,266332.372
"28026",Bajo,0.000000,88537.702
"28007",Muy bajo,0.000000,93043.138
"28034",Bajo,0.000000,291508.526
"28036",Bajo,0.000000,54465.754
"28042",Bajo,0.000000,128824.806
"28006",Muy bajo,0.000000,145013.888
"28031",Bajo,0.000000,47999.600
"28035",Alto,0.000000,691875.587
"28014",Bajo,0.000000,244156.163
"28024",Muy bajo,0.000000,92290.794
"28038",Medio,0.000000,11450.147
"28009",Medio,0.000000,4842.808
"28003",Medio,0.000000,166193.562
"28043",Medio,0.000000,87073.132
"28011",Medio,0.000000,73030.763
"28021",Medio,0.000000,163721.568
"28013",Bajo,0.000000,120934.779
"28030",Bajo,0.000000,135893.522
"28022",Alto,0.000000,463325.149
"28032",Bajo,0.000000,314693.108
"28033",Bajo,0.000000,158370.439
"28025",Muy bajo,0.000000,63887.221
"31050",Alto,0.000000,88339.769
"31041",Medio,0.000000,10228.381
"31059",Alto,0.000000,77153.212
"31011",Medio,0.000000,60286.881
"31021",Medio,0.000000,46995.941
"31023",Muy bajo,0.000000,29285.770
"31069",Medio,0.000000,54594.400
"31068",Alto,0.000000,13426.840
"31067",Medio,0.000000,17812.367
"31066",Medio,0.000000,51381.622
"31065",Bajo,0.000000,45211.117
"31064",Muy bajo,0.000000,2616.398
"31063",Muy bajo,0.000000,16064.043
"31062",Medio,0.000000,19878.202
"31061",Bajo,0.000000,33756.267
"31060",Medio,0.000000,10345.654
"31058",Medio,0.000000,105504.157
"31057",Bajo,0.000000,66527.474
"31056",Medio,0.000000,86292.960
"31055",Bajo,0.000000,25938.751
"31054",Alto,0.000000,7163.877
"31053",Medio,0.000000,39733.881
"31051",Alto,0.000000,4721.844
"31049",Bajo,0.000000,9361.731
"31048",Medio,0.000000,91083.739
"31047",Bajo,0.000000,12677.793
"31046",Bajo,0.000000,10040.902
"31045",Bajo,0.000000,15773.817
"31044",Muy bajo,0.000000,35584.330
"31043",Medio,0.000000,13735.021
"31042",Medio,0.000000,19968.235
"31040",Medio,0.000000,45874.738
"31039",Alto,0.000000,13676.039
"31038",Medio,0.000000,83964.869
"31037",Medio,0.000000,19757.146
"31035",Medio,0.000000,12065.480
"31034",Medio,0.000000,9491.025
"31032",Alto,0.000000,73527.909
"31031",Alto,0.000000,13340.905
"31030",Alto,0.000000,30955.523
"31029",Alto,0.000000,50647.278
"31028",Alto,0.000000,43225.142
"31027",Alto,0.000000,20753.275
"31026",Alto,0.000000,17410.638
"31025",Bajo,0.000000,7991.305
"31024",Muy bajo,0.000000,8383.769
"31022",Bajo,0.000000,47379.928
"31020",Medio,0.000000,4427.377
"31019",Alto,0.000000,139837.559
"31018",Bajo,0.000000,16940.663
"31017",Medio,0.000000,44348.833
"31016",Bajo,0.000000,11465.409
"31106",Alto,0.000000,13177.446
"31105",Medio,0.000000,4950.208
"31104",Medio,0.000000,147423.112
"31103",Medio,0.000000,11076.671
"31102",Alto,0.000000,107823.941
"31101",Bajo,0.000000,34909.484
"31100",Medio,0.000000,13080.647
"31099",Alto,0.000000,18767.348
"31098",Medio,0.000000,76558.908
"31097",Alto,0.000000,41322.686
"31096",Medio,0.000000,388484.036
"31095",Medio,0.000000,7089.704
"31094",Bajo,0.000000,23020.501
"31093",Medio,0.000000,17226.725
"31092",Medio,0.000000,50237.429
"31091",Alto,0.000000,47052.048
"31090",Bajo,0.000000,13457.313
"31089",Medio,0.000000,33992.045
"31088",Medio,0.000000,7786.394
"31087",Bajo,0.000000,33686.248
"31086",Medio,0.000000,10870.060
"31085",Alto,0.000000,70656.205
"31084",Alto,0.000000,33757.186
"31083",Alto,0.000000,6517.162
"31082",Alto,0.000000,5794.824
"31081",Medio,0.000000,27312.695
"31080",Bajo,0.000000,28100.509
"31079",Medio,0.000000,276839.312
"31078",Medio,0.000000,7979.123
"31077",Alto,0.000000,19961.838
"31076",Bajo,0.000000,36752.660
"31075",Bajo,0.000000,22461.181
"31074",Medio,0.000000,10248.872
"31073",Bajo,0.000000,24141.397
"31072",Alto,0.000000,8790.537
"31071",Medio,0.000000,22155.762
"31070",Medio,0.000000,30721.890
"31014",Medio,0.000000,13589.817
"31013",Alto,0.000000,6333.983
"31012",Alto,0.000000,54253.941
"31010",Muy bajo,0.000000,35625.969
"31009",Alto,0.000000,12880.869
"31008",Alto,0.000000,29074.940
"31007",Medio,0.000000,10147.405
"31006",Alto,0.000000,65434.242
"31005",Medio,0.000000,7170.568
"31004",Alto,0.000000,10846.906
"31003",Bajo,0.000000,7645.684
"31002",Medio,0.000000,13725.173
"31001",Medio,0.000000,29268.949
"31033",Bajo,0.000000,58630.813
"31036",Muy bajo,0.000000,19981.434
"31015",Muy bajo,0.000000,9348.401
"31052",Alto,0.000000,32060.085
"04007",Bajo,0.000000,218708.349
"04003",Bajo,0.000000,857345.237
"04001",Medio,0.000000,210197.723
"04005",Muy bajo,0.000000,127497.735
"04002",Medio,0.000000,324391.287
"04011",Bajo,0.000000,566954.726
"04010",Alto,0.000000,1398749.888
"04009",Medio,0.000000,478326.828
"04008",Bajo,0.000000,105854.094
"04006",Alto,0.000000,777994.138
"04004",Alto,0.000000,685536.148
"23004",Muy alto,0.000000,1599783.817
"23005",Alto,0.000000,210879.636
"23006",Medio,0.000000,466400.330
"23008",Muy alto,0.000000,211528.708
"23009",Alto,0.000000,201845.006
"23002",Alto,0.000000,1315245.142
"23001",Muy alto,0.000000,48808.089
"23007",Muy alto,0.000000,333528.661
"23003",Medio,0.000000,94484.825
