MUN_OFICIA,SUP_POT_HA,SUP_T_HAS,REL_POTSUP
"24058",7857.863,82126.715,0.096
"24040",8790.691,184325.601,0.048
"24013",27221.400,242356.839,0.112
"19013",3294.496,426570.528,0.008
"19033",189022.130,250920.725,0.753
"19042",44061.504,134095.337,0.329
"19038",82581.654,186894.040,0.442
"19030",52853.604,56050.709,0.943
"19029",12779.163,12779.163,1.000
"19024",110495.377,130667.298,0.846
"19022",115445.742,247884.346,0.466
"19017",53667.929,706828.179,0.076
"19007",165789.865,268862.870,0.617
"28016",190146.037,213608.855,0.890
"28041",116881.234,146356.508,0.799
"28039",30057.614,307597.792,0.098
"28019",81043.986,256858.274,0.316
"28004",57914.562,58224.181,0.995
"28028",7520.128,30302.332,0.248
"28029",144632.557,147714.440,0.979
"28020",36422.664,36422.664,1.000
"28017",266332.372,266332.372,1.000
"28026",59282.465,88537.702,0.670
"28034",234.803,291508.526,0.001
"28042",97401.836,128824.806,0.756
"28006",8219.873,145013.888,0.057
"28031",43342.497,47999.600,0.903
"28043",26087.355,87073.132,0.300
"28011",73030.763,73030.763,1.000
"28021",64716.073,163721.568,0.395
"28013",36599.549,120934.779,0.303
"09012",547.170,31450.162,0.017
"09009",787.431,29824.711,0.026
"12017",11348.147,44566.811,0.255
"12026",4261.678,37301.878,0.114
"12031",8060.685,26005.656,0.310
"12032",52433.599,172673.753,0.304
"12034",93614.341,132759.870,0.705
"12058",66509.178,100941.038,0.659
"12059",16710.240,85290.422,0.196
"12035",32838.673,57042.979,0.576
"12008",39021.228,55799.130,0.699
"12019",3475.377,73248.825,0.047
"12003",106366.918,199447.086,0.533
"12016",150861.266,264512.737,0.570
"12027",52594.879,133563.512,0.394
"12054",81167.619,237092.204,0.342
"12022",142965.769,335748.669,0.426
"12073",1503.972,214486.793,0.007
"12068",111558.016,176021.458,0.634
"12037",21210.064,21210.064,1.000
"12047",29423.289,29423.289,1.000
"12049",16228.147,16228.147,1.000
"12060",21780.213,21780.213,1.000
"12055",65068.841,65068.841,1.000
"12015",30397.942,30397.942,1.000
"12038",43843.451,146782.373,0.299
"15082",14044.231,66840.858,0.210
"15049",4605.789,4605.789,1.000
"15004",17095.580,17095.580,1.000
"15088",16464.440,16464.440,1.000
"15124",14415.684,48810.307,0.295
"15123",32601.030,70291.671,0.464
"15119",20235.301,20235.301,1.000
"15118",22475.485,30998.412,0.725
"15117",29212.353,29212.353,1.000
"15116",6669.389,6669.389,1.000
"15114",23316.756,42479.534,0.549
"15113",22931.987,22931.987,1.000
"15111",30954.783,30954.783,1.000
"15110",40083.909,40083.909,1.000
"15107",9015.098,9015.098,1.000
"15106",9480.766,42807.967,0.221
"15105",388.842,78858.929,0.005
"15101",2015.562,13177.830,0.153
"15098",2120.962,2473.029,0.858
"15097",14870.870,14921.875,0.997
"15094",163.189,4312.444,0.038
"15090",20852.003,20852.003,1.000
"15086",56827.963,56827.963,1.000
"15080",38200.032,56614.566,0.675
"15078",10403.841,10403.841,1.000
"15077",12220.399,13077.216,0.934
"15073",997.649,2530.763,0.394
"15072",2298.974,2298.974,1.000
"15068",94.045,4754.833,0.020
"15066",15703.862,15703.862,1.000
"15063",37902.082,38585.750,0.982
"15052",20995.046,20995.046,1.000
"15041",9933.278,9933.278,1.000
"15040",11512.252,11512.252,1.000
"15034",2008.962,5316.931,0.378
"15032",19161.307,19161.307,1.000
"15021",28659.450,28659.450,1.000
"15018",7674.847,10295.895,0.745
"15015",255.357,16770.467,0.015
"15008",831.904,63626.878,0.013
"15007",22226.905,22226.905,1.000
"15005",4623.830,48020.450,0.096
"17029",19199.705,19199.705,1.000
"17014",5788.919,5788.919,1.000
"17020",24231.092,24237.066,1.000
"17018",10276.990,10276.990,1.000
"17007",19967.700,19967.700,1.000
"17028",9321.938,9321.938,1.000
"17005",8339.884,8339.884,1.000
"17015",21545.614,21545.614,1.000
"17009",17630.919,18910.753,0.932
"17016",8654.529,8654.529,1.000
"17030",17672.010,17672.010,1.000
"17032",5376.808,5376.808,1.000
"17022",9276.009,9847.767,0.942
"17027",2175.839,5997.636,0.363
"17026",5727.118,5727.118,1.000
"17023",2423.110,10786.360,0.225
"17006",9717.752,9717.752,1.000
"17002",7319.209,7938.006,0.922
"17004",37706.922,37706.922,1.000
"17031",2631.290,2631.290,1.000
"17008",6828.151,6828.151,1.000
"17011",5596.039,5596.039,1.000
"17012",15346.340,15346.340,1.000
"17001",11724.011,11724.011,1.000
"17021",6770.247,6770.247,1.000
"17017",29758.971,29758.971,1.000
"17033",3707.663,3707.663,1.000
"17013",9033.187,9033.187,1.000
"17010",10226.032,10226.032,1.000
"17024",23846.338,23846.338,1.000
"17025",54392.504,54392.504,1.000
"17019",36864.406,36864.406,1.000
"17003",14151.181,14151.181,1.000
"14112",10775.810,19523.421,0.552
"14026",5002.754,26563.702,0.188
"14059",7136.255,28893.856,0.247
"14121",25225.581,25225.581,1.000
"14069",43878.156,67431.511,0.651
"14087",105702.395,130100.066,0.812
"14056",74450.768,77643.854,0.959
"14085",116222.466,136369.151,0.852
"14049",36805.452,147624.545,0.249
"16052",19751.172,115027.005,0.172
"16008",46.281,226422.674,0.000
"16010",177096.300,343455.416,0.516
"16096",143488.725,206239.837,0.696
"16029",1420.765,110904.937,0.013
"16015",179195.857,282633.665,0.634
"16002",41746.545,139687.406,0.299
"16035",7804.042,195202.150,0.040
"16097",98727.500,154609.211,0.639
"16013",59254.304,91804.014,0.645
"16089",2540.853,79811.683,0.032
"16006",6377.620,164026.684,0.039
"16064",9229.138,50337.297,0.183
"16057",54552.099,54552.099,1.000
"16059",31722.946,33040.243,0.960
"16033",28898.210,36731.182,0.787
"16009",69128.396,69517.712,0.994
"16081",26795.917,26795.917,1.000
"16092",136959.156,149302.925,0.917
"16046",14099.454,14099.454,1.000
"16087",18509.584,18509.584,1.000
"16012",22349.991,92236.379,0.242
"16082",78681.501,78681.501,1.000
"16099",101808.497,101808.497,1.000
"16079",48785.962,48785.962,1.000
"16111",15997.467,15997.467,1.000
"16058",23498.876,23498.876,1.000
"16083",68551.675,71425.490,0.960
"16047",26548.592,26548.592,1.000
"16049",69450.124,101964.587,0.681
"16001",17374.229,17632.059,0.985
"16112",51259.062,51259.062,1.000
"16039",7910.512,7910.512,1.000
"16066",43852.033,43854.157,1.000
"16068",33180.510,33180.510,1.000
"16090",18975.513,18975.513,1.000
"16102",101291.676,101291.676,1.000
"16048",6673.190,7266.893,0.918
"16061",14225.662,14225.662,1.000
"16098",24342.232,24342.232,1.000
"16100",15924.254,18439.049,0.864
"16101",51540.829,94131.055,0.548
"16005",5165.547,7683.831,0.672
"16007",4237.917,5841.531,0.725
"16032",8598.665,24397.748,0.352
"16065",9194.236,24416.704,0.377
"16056",9356.871,30415.464,0.308
"16073",5363.992,21335.313,0.251
"16041",2561.128,12665.223,0.202
"16075",34456.263,48092.245,0.716
"16021",11651.144,23375.991,0.498
"16080",1.590,25030.450,0.000
"16095",40737.512,50604.107,0.805
"16053",9174.555,119225.201,0.077
"16034",55722.635,114340.374,0.487
"16019",32190.145,50501.916,0.637
"20548",12478.900,57416.875,0.217
"20018",821.105,22459.474,0.037
"20476",4395.015,5175.406,0.849
"20490",1660.196,1660.196,1.000
"20545",9273.913,14395.028,0.644
"20022",11167.108,11167.108,1.000
"20029",1059.196,3581.654,0.296
"20032",3.320,6127.292,0.001
"20406",10295.974,28355.365,0.363
"20373",6803.944,11832.828,0.575
"20434",2873.514,3673.482,0.782
"20459",32505.172,32505.172,1.000
"20109",7720.237,7720.237,1.000
"20228",854.217,917.298,0.931
"20244",1526.919,6410.350,0.238
"20261",500.380,17922.772,0.028
"20322",5.870,659.757,0.009
"20340",18023.837,18023.837,1.000
"20354",1448.922,1503.131,0.964
"20142",1397.400,1426.097,0.980
"20163",177.729,1782.332,0.100
"20181",6190.409,9328.987,0.664
"20165",38.854,2181.606,0.018
"20455",493.854,8984.114,0.055
"20039",2754.982,32581.569,0.085
"30001",6828.008,9749.508,0.700
"30006",16889.971,16889.971,1.000
"30008",7087.978,7087.978,1.000
"30010",4407.109,32847.962,0.134
"30014",15143.979,15143.979,1.000
"30017",6090.218,6768.725,0.900
"30018",2068.800,2068.800,1.000
"30019",2983.690,2983.690,1.000
"30020",6218.712,6218.712,1.000
"30021",12284.268,12284.268,1.000
"30022",6536.789,6536.789,1.000
"30023",1166.933,52192.086,0.022
"30024",27780.303,27780.303,1.000
"30029",13407.666,13407.666,1.000
"30030",2090.292,2090.292,1.000
"30038",20231.755,20231.755,1.000
"30041",944.048,944.048,1.000
"30043",31091.500,31091.500,1.000
"30044",15985.357,15985.357,1.000
"30046",7659.618,7659.618,1.000
"30047",15810.525,15810.525,1.000
"30052",3471.296,3471.296,1.000
"30053",15032.099,15032.099,1.000
"30062",4431.764,4431.764,1.000
"30065",13166.626,41583.387,0.317
"30068",6118.596,6118.596,1.000
"30071",20290.912,20290.912,1.000
"30074",1872.156,1872.156,1.000
"30079",14982.826,14982.826,1.000
"30080",12939.028,12939.028,1.000
"30081",5237.603,5237.603,1.000
"30085",13736.514,13736.514,1.000
"30086",18713.277,20808.948,0.899
"30087",2448.219,12458.726,0.197
"30088",7271.866,7271.866,1.000
"30092",17903.430,17903.430,1.000
"30098",1376.641,1376.641,1.000
"30099",11058.986,11058.986,1.000
"30101",6952.163,6952.163,1.000
"30110",6650.868,6650.868,1.000
"30113",1858.972,1858.972,1.000
"30115",6444.910,6444.910,1.000
"30117",21380.633,21380.633,1.000
"30118",2768.452,2768.452,1.000
"30125",40063.869,40063.869,1.000
"30127",13787.620,13787.620,1.000
"30128",60906.982,60906.982,1.000
"30132",3852.575,9975.619,0.386
"30134",19550.263,38409.115,0.509
"30135",2644.293,2644.293,1.000
"30137",3420.437,3420.437,1.000
"30138",1524.138,1524.138,1.000
"30140",2190.481,2190.481,1.000
"30146",1633.597,1633.597,1.000
"30147",11472.883,11472.883,1.000
"30159",8792.628,8792.628,1.000
"30162",6520.632,6520.632,1.000
"30164",6080.419,6080.419,1.000
"30165",6019.300,6019.300,1.000
"30168",10000.082,10000.082,1.000
"30171",4267.317,4267.317,1.000
"30173",52126.541,52250.868,0.998
"30179",6531.146,6531.146,1.000
"30182",2628.296,3670.344,0.716
"30184",5640.062,5640.062,1.000
"30185",1121.259,1121.259,1.000
"30186",1877.712,1877.712,1.000
"30188",9791.988,9791.988,1.000
"30194",3893.722,5145.231,0.757
"30195",3735.212,3735.212,1.000
"30196",8789.145,8789.145,1.000
"30200",17805.409,17805.409,1.000
"30201",28259.497,28259.497,1.000
"29052",2412.705,3598.543,0.670
"29050",1410.908,3950.686,0.357
"29047",2544.263,2544.263,1.000
"29046",4989.697,4989.697,1.000
"29043",823.438,3679.028,0.224
"29040",1340.620,10281.325,0.130
"29039",4151.171,4151.171,1.000
"29038",2629.965,3840.590,0.685
"29037",7709.137,7709.137,1.000
"29035",1425.217,1425.217,1.000
"29034",34331.414,57547.918,0.597
"29031",16981.372,16981.372,1.000
"29030",15466.632,15466.632,1.000
"29028",880.504,7663.162,0.115
"29026",38.778,2588.902,0.015
"29016",4440.054,4440.054,1.000
"29013",34879.947,34879.947,1.000
"29011",1198.760,3637.836,0.330
"29010",57.880,7722.216,0.007
"29009",296.987,1667.261,0.178
"29008",8426.264,8426.264,1.000
"29007",5843.324,5843.324,1.000
"29005",3511.145,4386.664,0.800
"29004",18818.347,18818.347,1.000
"29003",8917.489,10815.888,0.824
"21027",37295.416,39279.399,0.949
"21047",80417.780,80417.780,1.000
"21073",13809.175,13809.175,1.000
"21155",12398.083,14524.993,0.854
"21117",411.287,411.287,1.000
"21001",17688.032,17688.032,1.000
"21004",14057.528,14057.528,1.000
"21005",7512.858,7512.858,1.000
"21007",18503.289,18503.289,1.000
"21009",7225.117,7225.117,1.000
"21010",39387.865,39387.865,1.000
"21011",687.083,7937.607,0.087
"21012",5229.555,5229.555,1.000
"21013",4714.963,4714.963,1.000
"21015",11242.710,13509.159,0.832
"21016",16680.697,16680.697,1.000
"21017",4809.334,4809.334,1.000
"21018",33162.023,33162.023,1.000
"21019",29202.471,29320.974,0.996
"21020",2693.747,2693.747,1.000
"21021",1134.272,1134.272,1.000
"21022",12980.239,12980.239,1.000
"21023",13314.037,13314.037,1.000
"21024",18816.819,18816.819,1.000
"21031",11513.022,11513.022,1.000
"21032",24053.560,24065.365,1.000
"21033",4745.914,4745.914,1.000
"21035",24928.824,24928.824,1.000
"21036",22870.385,22870.385,1.000
"21037",13374.241,13374.241,1.000
"21038",2330.060,2330.060,1.000
"21039",6134.144,6134.144,1.000
"21040",14404.097,16027.841,0.899
"21042",19885.132,19885.132,1.000
"21044",30132.525,30132.525,1.000
"21045",38965.818,38965.818,1.000
"21046",8714.957,8714.957,1.000
"21050",10934.482,10934.482,1.000
"21051",32551.074,32551.074,1.000
"21052",2594.313,2594.313,1.000
"21053",75870.494,75968.129,0.999
"21054",14832.736,14832.736,1.000
"21055",5003.378,12878.801,0.388
"21056",14112.911,14112.911,1.000
"21058",14590.630,14590.630,1.000
"21059",8849.630,8849.630,1.000
"21061",9957.308,9957.308,1.000
"21062",5214.851,5214.851,1.000
"21063",7926.982,7926.982,1.000
"21065",9152.116,9152.116,1.000
"21066",14804.368,15500.492,0.955
"21067",22808.594,22808.594,1.000
"21069",23136.085,23136.085,1.000
"21070",16841.045,16841.045,1.000
"21075",7480.540,7480.540,1.000
"21076",12015.840,31911.446,0.377
"21078",6957.622,6957.622,1.000
"21079",5056.925,5056.925,1.000
"21081",4792.876,30830.100,0.155
"21082",10674.802,10674.802,1.000
"21083",56112.965,56112.965,1.000
"21085",53704.522,53704.522,1.000
"21087",60140.736,60140.736,1.000
"21092",22508.691,22508.691,1.000
"21093",18034.184,18034.184,1.000
"21094",27414.118,27414.118,1.000
"21095",1124.566,1124.566,1.000
"21096",5544.965,5544.965,1.000
"21097",950.630,950.630,1.000
"21098",15665.522,15665.522,1.000
"21099",24461.045,24461.045,1.000
"21103",10840.333,10840.333,1.000
"21104",16749.981,16749.981,1.000
"21105",6717.277,6717.277,1.000
"21106",5675.980,11979.208,0.474
"21108",23958.319,23958.319,1.000
"21110",36225.729,36225.729,1.000
"21112",23100.208,23285.818,0.992
"21113",21035.823,22118.485,0.951
"21114",16878.660,54730.909,0.308
"21115",18683.316,18683.316,1.000
"21116",16712.732,16712.732,1.000
"21118",3077.299,3077.299,1.000
"21120",8004.153,8004.153,1.000
"21121",13301.968,13301.968,1.000
"21124",10927.573,10927.573,1.000
"21127",14299.321,14299.321,1.000
"21128",17701.583,17701.583,1.000
"21129",33532.375,33532.375,1.000
"21130",9625.335,9625.335,1.000
"21131",2474.411,2474.411,1.000
"21133",720.823,720.823,1.000
"21135",6877.750,7278.243,0.945
"21137",21057.054,21057.054,1.000
"21139",9688.438,9688.438,1.000
"21141",17399.340,17507.191,0.994
"21142",22029.184,22029.184,1.000
"21144",2382.771,2382.771,1.000
"21145",23675.256,23675.256,1.000
"21146",4755.022,4755.022,1.000
"21147",28629.270,28629.270,1.000
"21148",747.703,3278.397,0.228
"21149",9399.623,9399.623,1.000
"21150",18035.544,18035.544,1.000
"21151",1940.792,1940.792,1.000
"21152",11427.671,11427.671,1.000
"21153",17566.061,17566.061,1.000
"21154",18040.817,18040.817,1.000
"21156",55299.434,55299.434,1.000
"21157",49170.044,49170.044,1.000
"21159",24867.667,24867.667,1.000
"21160",13674.675,13674.675,1.000
"21161",22477.684,22477.684,1.000
"21163",6131.604,6131.604,1.000
"21164",21747.133,21747.133,1.000
"21165",2956.471,2956.471,1.000
"21166",13226.348,13226.348,1.000
"21167",7092.389,7092.389,1.000
"21168",11620.693,11620.693,1.000
"21169",39205.202,39205.202,1.000
"21170",45061.942,45061.942,1.000
"21171",1564.284,1564.284,1.000
"21172",32858.248,32858.248,1.000
"21173",977.644,977.644,1.000
"21174",9252.424,9252.424,1.000
"21175",3868.810,13325.094,0.290
"21176",8363.053,8363.053,1.000
"21177",39613.460,39613.460,1.000
"21179",42127.645,42127.645,1.000
"21182",1492.417,1492.417,1.000
"21185",8378.141,8378.141,1.000
"21186",29412.227,29412.227,1.000
"21188",19156.463,21895.766,0.875
"21189",10186.264,10186.264,1.000
"21190",15541.393,15541.393,1.000
"21191",10454.252,27777.352,0.376
"21193",27881.965,27881.965,1.000
"21195",26127.820,26127.820,1.000
"21196",6031.084,6031.084,1.000
"21198",20105.545,20465.221,0.982
"21200",6020.092,6020.092,1.000
"21201",4661.216,4661.216,1.000
"21202",7840.312,7840.312,1.000
"21203",16362.774,16362.774,1.000
"21204",2959.077,2959.077,1.000
"21205",12803.923,12803.923,1.000
"21206",24775.744,24775.744,1.000
"21207",17653.304,17653.304,1.000
"21208",48920.486,48920.486,1.000
"21209",42931.996,42931.996,1.000
"21211",3076.875,3076.875,1.000
"21212",26671.503,26671.503,1.000
"21214",6284.835,6284.835,1.000
"21217",26926.164,26926.164,1.000
"21199",14588.609,14588.609,1.000
"13007",13064.418,27231.965,0.480
"13008",6686.044,32222.370,0.207
"13016",39139.370,39139.370,1.000
"13057",28497.846,42020.735,0.678
"13072",1.907,8292.689,0.000
"13061",8751.856,24290.858,0.360
"30025",17302.070,17302.070,1.000
"21003",50096.365,60854.814,0.823
"26055",95185.539,887679.763,0.107
"02003",10076.953,268722.834,0.037
"02002",871197.147,1565408.006,0.557
"02001",1459214.077,5312327.738,0.275
"03009",167979.297,462856.391,0.363
"03002",918379.081,3205800.665,0.286
"03001",296905.671,1833204.807,0.162
"03003",187015.175,1583811.554,0.118
"03008",252044.742,375156.123,0.672
"06009",68234.725,93894.528,0.727
"06001",8185.120,40879.970,0.200
"06004",39184.464,52698.748,0.744
"06010",28258.538,28799.067,0.981
"06003",31434.354,31434.354,1.000
"06008",25466.890,41489.849,0.614
"06002",74600.835,74600.835,1.000
"06006",37675.935,37675.935,1.000
"06005",41225.626,41225.626,1.000
"18002",50387.988,50480.060,0.998
"18003",51712.417,51834.034,0.998
"18006",11303.156,49301.414,0.229
"18007",3285.146,50361.783,0.065
"18013",15027.954,51567.851,0.291
"18014",9214.665,109139.754,0.084
"18004",683.573,188061.756,0.004
"14067",23326.491,68086.466,0.343
"14075",6845.135,30550.987,0.224
"14036",31.105,33776.443,0.001
"14080",104565.989,111673.386,0.936
"14038",83772.854,83772.854,1.000
"14006",15850.208,83911.697,0.189
"14062",63096.552,63096.552,1.000
"14004",12482.003,12482.003,1.000
"14052",24588.453,24588.453,1.000
"14089",3992.570,7923.829,0.504
"14082",21597.166,21597.166,1.000
"14102",29357.361,29357.361,1.000
"14086",61940.437,61940.437,1.000
"14054",11423.232,11423.232,1.000
"14034",29764.283,29764.283,1.000
"14014",37317.663,45153.150,0.826
"14079",35344.863,35344.863,1.000
"14110",44146.027,44302.613,0.996
"14037",17731.262,17731.262,1.000
"14032",29113.752,29738.429,0.979
"14088",45947.275,76514.189,0.601
"14017",47448.688,88337.137,0.537
"14090",28153.675,28153.675,1.000
"14010",7783.852,35581.372,0.219
"14012",59789.886,61019.785,0.980
"14011",44056.354,44056.354,1.000
"14028",36031.814,41711.931,0.864
"14058",176919.893,184312.473,0.960
"14084",39544.724,199635.199,0.198
"14113",74611.528,74611.528,1.000
"14015",48410.346,70514.065,0.687
"14106",42997.497,42997.497,1.000
"14023",27349.220,27349.220,1.000
"14065",87458.239,87458.239,1.000
"14122",30576.871,30576.871,1.000
"14103",14587.157,14587.157,1.000
"14108",72545.453,72545.453,1.000
"14027",34604.595,139113.341,0.249
"14099",51263.116,51263.116,1.000
"16014",28162.246,36595.664,0.770
"16026",86673.502,102206.636,0.848
"12028",37572.180,74972.221,0.501
"12029",201259.322,218063.776,0.923
"12039",40880.579,40880.579,1.000
"12040",17027.082,72070.065,0.236
"12044",50986.395,51258.255,0.995
"12051",84549.802,84549.802,1.000
"12053",46172.307,115649.497,0.399
"12056",68981.762,69753.429,0.989
"12061",2209.720,38863.329,0.057
"12021",94709.654,181076.658,0.523
"12010",22116.228,57346.627,0.386
"12012",100115.651,105174.832,0.952
"12013",31635.619,39594.421,0.799
"12020",2328.989,30662.465,0.076
"12025",128.385,31398.099,0.004
"12036",19515.358,19515.358,1.000
"12041",33489.809,47291.964,0.708
"12046",60265.562,60265.562,1.000
"12052",81645.542,109767.858,0.744
"12063",27839.396,27996.991,0.994
"12071",33482.954,45322.147,0.739
"12072",19563.827,22835.551,0.857
"12076",63076.178,63076.178,1.000
"12079",13197.707,13197.707,1.000
"12080",1520.127,25377.652,0.060
"12081",12000.149,24025.902,0.499
"12023",24265.582,63161.770,0.384
"12062",48748.154,80278.301,0.607
"12043",9522.333,60160.160,0.158
"12078",153.772,62058.148,0.002
"12048",37801.841,197166.808,0.192
"12011",93839.600,144939.486,0.647
"12057",95603.001,284513.104,0.336
"12001",87524.094,172777.700,0.507
"07089",1174.471,98013.087,0.012
"07012",2940.690,35197.142,0.084
"07032",284.184,41688.858,0.007
"07097",9841.469,185250.146,0.053
"07061",104092.188,209547.899,0.497
"07009",30288.854,80774.813,0.375
"07034",25400.511,76446.635,0.332
"07030",73363.711,99643.621,0.736
"07020",131812.956,257181.875,0.513
"07015",437.070,17415.672,0.025
"07010",7832.666,7872.116,0.995
"07008",58151.161,58151.161,1.000
"07006",17189.727,25356.415,0.678
"07117",19789.975,19789.975,1.000
"07108",95317.070,190139.247,0.501
"07107",147017.215,275497.395,0.534
"07080",79257.035,87599.961,0.905
"07070",8266.099,8266.099,1.000
"07069",9776.099,175660.746,0.056
"07057",29286.807,58431.531,0.501
"07053",7163.725,11029.812,0.649
"07051",9945.189,121956.094,0.082
"07046",130132.602,130132.602,1.000
"07017",219337.644,244050.789,0.899
"07036",4869.079,4869.079,1.000
"07011",21372.290,21372.290,1.000
"20334",12505.857,121555.599,0.103
"20102",2523.228,6938.053,0.364
"20427",15573.017,15573.017,1.000
"20010",25206.926,25206.926,1.000
"20005",32367.589,65885.144,0.491
"20012",2821.593,18099.691,0.156
"20057",65254.122,135544.441,0.481
"20103",1134.194,1134.194,1.000
"20360",2680.216,2680.216,1.000
"20452",1760.941,1760.941,1.000
"20087",639.688,639.688,1.000
"20072",10843.621,10843.621,1.000
"20301",887.726,887.726,1.000
"20068",11949.555,11949.555,1.000
"20132",1008.026,1008.026,1.000
"20192",520.532,520.532,1.000
"20243",2423.168,2423.168,1.000
"20315",757.775,757.775,1.000
"20530",7010.263,7010.263,1.000
"20007",451.851,451.851,1.000
"20546",10786.750,10786.750,1.000
"20550",3666.151,3666.151,1.000
"20145",1145.427,1145.427,1.000
"20067",8952.537,8952.537,1.000
"20091",2757.595,2757.595,1.000
"20553",8152.512,8152.512,1.000
"20483",247.611,9547.193,0.026
"20193",1503.464,13205.532,0.114
"20277",97299.134,97299.134,1.000
"20155",3872.139,3872.139,1.000
"20487",2992.248,10913.702,0.274
"20494",6309.216,6309.216,1.000
"20511",14629.199,14629.199,1.000
"20531",4269.657,4400.333,0.970
"20535",13645.181,13645.181,1.000
"20569",3960.909,8376.764,0.473
"20048",4102.469,4102.469,1.000
"20092",2881.046,2881.046,1.000
"20094",6334.989,6400.449,0.990
"20049",1033.241,1033.241,1.000
"20051",3935.044,3935.044,1.000
"20069",2688.920,2688.920,1.000
"20078",1245.758,1245.758,1.000
"20083",2598.736,2598.736,1.000
"20084",4189.795,5513.904,0.760
"20112",9217.792,9217.792,1.000
"20118",2388.186,2388.186,1.000
"20157",415.642,415.642,1.000
"20162",7272.349,7272.349,1.000
"20174",302.030,302.030,1.000
"20178",1180.698,5210.035,0.227
"20191",2038.158,2038.158,1.000
"20197",3176.255,3176.255,1.000
"20219",4127.013,4127.013,1.000
"20227",2760.418,2760.418,1.000
"20233",5177.527,5177.527,1.000
"20238",831.116,831.116,1.000
"20247",3715.487,3715.487,1.000
"20262",6084.682,6084.682,1.000
"20267",1064.445,1064.445,1.000
"20284",7106.002,7106.002,1.000
"20293",3948.823,4436.658,0.890
"20295",4330.171,4330.171,1.000
"20310",2316.846,2316.846,1.000
"20328",9839.252,9839.252,1.000
"20342",821.978,821.978,1.000
"20343",1536.930,1536.930,1.000
"20349",3048.434,3048.434,1.000
"20107",1100.054,1100.054,1.000
"20356",2787.803,2787.803,1.000
"20358",4666.520,4666.520,1.000
"20363",22006.559,22006.559,1.000
"20365",10109.524,10109.524,1.000
"20368",3632.528,3632.528,1.000
"20369",2067.753,2067.753,1.000
"20375",227.388,227.388,1.000
"20378",4686.104,4686.104,1.000
"20380",1477.328,1477.328,1.000
"20385",4385.992,4385.992,1.000
"20387",3036.591,3036.591,1.000
"20388",4910.282,4910.282,1.000
"20389",241.345,241.345,1.000
"20393",1167.390,1167.390,1.000
"20399",3129.978,3129.978,1.000
"20403",653.874,653.874,1.000
"20411",737.780,737.780,1.000
"20419",5390.030,5390.030,1.000
"20443",8760.297,8760.297,1.000
"20449",41570.007,41570.007,1.000
"20475",18381.661,18381.661,1.000
"20496",6331.201,6331.201,1.000
"20504",10065.138,10065.138,1.000
"20519",3054.271,3054.271,1.000
"20539",1136.744,1246.980,0.912
"20544",13259.664,13309.392,0.996
"20555",2130.831,2130.831,1.000
"20560",28331.687,28331.687,1.000
"20561",5999.031,5999.031,1.000
"20565",8142.339,8142.339,1.000
"20420",4963.712,4963.712,1.000
"20426",23321.566,23321.566,1.000
"20104",10527.985,10527.985,1.000
"20108",19138.733,19138.733,1.000
"20217",34850.470,35960.143,0.969
"20241",1073.951,1073.951,1.000
"20271",7288.895,7288.895,1.000
"20273",10942.795,10942.795,1.000
"20013",1026.736,1026.736,1.000
"20017",10417.432,10417.432,1.000
"20023",4979.877,4979.877,1.000
"20033",72.650,428.317,0.170
"20035",450.745,450.745,1.000
"20123",10870.352,10870.352,1.000
"20135",9936.851,9936.851,1.000
"20161",683.818,22008.956,0.031
"20398",10441.401,10441.401,1.000
"20028",31750.281,31750.281,1.000
"20409",1680.227,1680.227,1.000
"20059",46739.143,46739.143,1.000
"20154",6110.439,6110.439,1.000
"20167",2849.776,2849.776,1.000
"20209",7545.265,7545.265,1.000
"20254",21113.420,21113.420,1.000
"20319",15464.091,15464.091,1.000
"20347",10618.325,10618.325,1.000
"20314",5823.991,5823.991,1.000
"20149",10703.567,10703.567,1.000
"20327",3177.633,99373.098,0.032
"20211",13726.211,20652.978,0.665
"20474",11038.017,11038.017,1.000
"20477",19816.953,19816.953,1.000
"20482",30809.448,80451.769,0.383
"20489",19901.975,29087.767,0.684
"20491",25187.471,25187.471,1.000
"20492",3204.251,24774.928,0.129
"20497",4095.402,4095.402,1.000
"20500",33412.506,33412.506,1.000
"20507",69.005,14370.186,0.005
"20510",1791.869,1791.869,1.000
"20516",22449.964,22449.964,1.000
"20526",5092.585,22611.101,0.225
"20543",22032.428,22032.428,1.000
"20564",6408.350,6408.350,1.000
"20566",19777.512,19777.512,1.000
"20026",10644.217,13334.393,0.798
"20037",11537.696,17472.542,0.660
"20046",6068.989,23467.223,0.259
"20056",5752.890,5752.890,1.000
"20070",6736.517,6736.517,1.000
"20076",18659.148,18659.148,1.000
"20082",15096.623,15096.623,1.000
"20088",25992.121,26065.514,0.997
"20090",8230.933,8763.052,0.939
"20101",706.008,706.008,1.000
"20052",83397.995,84063.154,0.992
"20053",9185.791,12438.650,0.738
"20060",6770.691,6770.691,1.000
"20061",2242.673,2242.673,1.000
"20062",221.247,221.247,1.000
"20074",3844.138,3844.138,1.000
"20080",5558.951,5558.951,1.000
"20085",21879.282,33572.509,0.652
"20095",5708.308,5708.308,1.000
"20097",4863.237,4863.237,1.000
"20098",3922.630,14551.081,0.270
"20100",4094.318,4094.318,1.000
"20113",11072.451,12090.306,0.916
"20114",3032.624,3032.624,1.000
"20117",4312.716,15615.939,0.276
"20120",874.122,874.122,1.000
"20122",9338.681,9338.681,1.000
"20125",204920.010,230456.120,0.889
"20126",13677.225,13677.225,1.000
"20131",31036.956,31036.956,1.000
"20134",5916.463,13445.556,0.440
"20136",43469.361,44749.451,0.971
"20146",4081.756,4081.756,1.000
"20159",53891.797,58374.019,0.923
"20166",415.921,19314.780,0.022
"20170",7745.525,7745.525,1.000
"20173",13420.479,13420.479,1.000
"20175",2545.653,42156.587,0.060
"20182",4971.888,5013.234,0.992
"20184",22708.601,87701.085,0.259
"20189",4735.176,9860.208,0.480
"20190",68457.887,138248.899,0.495
"20194",7134.449,7134.449,1.000
"20196",1659.210,1659.210,1.000
"20200",31600.317,31600.317,1.000
"20201",5654.697,5654.697,1.000
"20203",10742.873,10742.873,1.000
"20204",10627.869,10627.869,1.000
"20207",158325.686,162750.774,0.973
"20214",16244.169,20286.729,0.801
"20216",1961.040,1961.040,1.000
"20220",458.303,25512.350,0.018
"20222",3782.385,3782.385,1.000
"20223",2436.160,2910.955,0.837
"20226",13442.914,13442.914,1.000
"20231",10159.717,10159.717,1.000
"20232",45278.454,45488.544,0.995
"20235",28899.665,28899.665,1.000
"20236",4188.649,5377.695,0.779
"20246",1468.601,1468.601,1.000
"20253",426.610,16177.958,0.026
"20257",3408.200,3408.200,1.000
"20260",11556.309,14211.256,0.813
"20263",12346.152,12346.152,1.000
"20265",85549.690,118422.926,0.722
"20266",2017.418,51928.035,0.039
"20268",1074.655,1074.655,1.000
"20275",20773.519,20773.519,1.000
"20278",61975.734,74349.393,0.834
"20279",6955.083,6955.083,1.000
"20280",6106.742,6106.742,1.000
"20282",18489.128,20554.977,0.899
"20288",3920.006,3920.006,1.000
"20289",2956.065,2956.065,1.000
"20291",18789.559,18789.559,1.000
"20296",14958.671,14958.671,1.000
"20298",28044.336,28044.336,1.000
"20299",3542.611,3542.611,1.000
"20306",6459.137,7447.206,0.867
"20307",557.307,69391.145,0.008
"20309",1767.333,10187.686,0.173
"20316",12103.118,12103.118,1.000
"20323",4210.582,4210.582,1.000
"20325",56413.527,56413.527,1.000
"20326",9453.911,15222.818,0.621
"20330",164.511,14866.472,0.011
"20333",40177.328,40177.328,1.000
"20335",2814.455,2814.455,1.000
"20336",16537.351,16537.351,1.000
"20344",15212.457,20690.959,0.735
"20351",5077.806,5077.806,1.000
"20353",5475.225,5475.225,1.000
"20357",17235.095,17235.095,1.000
"20359",4637.032,4637.032,1.000
"20361",5119.003,5119.003,1.000
"20362",2557.487,2557.487,1.000
"20366",12661.018,12661.018,1.000
"20384",5688.539,5688.539,1.000
"20391",6997.254,6997.254,1.000
"20394",9852.761,9852.761,1.000
"20407",331956.195,454703.114,0.730
"20410",48500.943,54025.108,0.898
"20412",38926.383,38926.383,1.000
"20417",3605.630,32427.848,0.111
"20418",72956.657,72956.657,1.000
"20421",5790.794,14781.084,0.392
"20424",12405.983,14528.909,0.854
"20428",16073.135,16073.135,1.000
"20432",1235.836,1318.560,0.937
"20435",8447.236,8447.236,1.000
"20437",15306.249,15306.249,1.000
"20440",11400.295,11400.295,1.000
"20442",4824.811,4824.811,1.000
"20454",7080.738,7080.738,1.000
"20457",8318.012,31208.955,0.267
"20458",20411.387,20411.387,1.000
"20465",12207.904,12207.904,1.000
"20471",2560.617,2560.617,1.000
"20472",26308.161,26308.161,1.000
"20473",11727.768,11727.768,1.000
"20495",493.525,13715.524,0.036
"20498",11694.707,102421.696,0.114
"20502",21301.137,21301.137,1.000
"20503",821.306,821.306,1.000
"20506",4357.898,4357.898,1.000
"20508",7009.811,7105.571,0.987
"20512",6415.567,6415.567,1.000
"20513",33966.449,33966.449,1.000
"20514",3614.785,5624.881,0.643
"20517",11355.121,11355.121,1.000
"20522",5644.614,5644.614,1.000
"20525",7196.581,64623.740,0.111
"20533",6657.897,6657.897,1.000
"20534",10599.919,10599.919,1.000
"20538",1821.926,1821.926,1.000
"20541",2247.109,2247.109,1.000
"20554",26671.746,26671.746,1.000
"20559",61800.694,68442.297,0.903
"20563",6568.770,6568.770,1.000
"20372",75.543,3827.833,0.020
"20377",56402.582,56402.582,1.000
"20382",4741.950,4741.950,1.000
"20386",48378.539,48378.539,1.000
"20392",7211.391,15636.947,0.461
"20402",7537.222,8133.513,0.927
"20414",1170.635,27533.868,0.043
"20415",16737.253,16737.253,1.000
"20429",5203.722,5203.722,1.000
"20430",58.913,3705.850,0.016
"20433",3472.397,3472.397,1.000
"20444",1791.926,1791.926,1.000
"20447",50082.294,50082.294,1.000
"20448",15752.709,15752.709,1.000
"20450",20727.520,20727.520,1.000
"20466",45605.104,45605.104,1.000
"20467",13665.429,63789.447,0.214
"20213",20388.105,20388.105,1.000
"20218",2000.798,7099.780,0.282
"20225",5858.787,5858.787,1.000
"20229",13738.852,13738.852,1.000
"20255",14106.236,14155.644,0.997
"20269",627.468,10326.331,0.061
"20272",13328.623,14418.667,0.924
"20274",6548.160,6548.160,1.000
"20285",10374.262,10374.262,1.000
"20297",10279.064,11749.337,0.875
"20300",12144.829,12144.829,1.000
"20302",7435.063,7435.063,1.000
"20312",8514.610,8514.610,1.000
"20329",9300.007,9300.007,1.000
"20345",9827.887,9827.887,1.000
"20364",35430.231,63779.928,0.556
"20367",4029.778,5121.384,0.787
"20001",12563.198,12636.142,0.994
"20002",69770.135,75456.683,0.925
"20003",7631.134,7631.134,1.000
"20008",18494.737,18993.930,0.974
"20009",3345.799,15752.857,0.212
"20014",16068.078,29405.435,0.546
"20015",11936.071,11936.071,1.000
"20038",5898.201,5898.201,1.000
"20111",6941.031,6941.031,1.000
"20137",28033.659,28033.659,1.000
"20153",2874.786,17842.301,0.161
"20158",6359.464,6359.464,1.000
"20168",5200.064,6587.248,0.789
"20180",7212.328,7212.328,1.000
"20185",20259.165,20259.165,1.000
"20188",12397.928,12397.928,1.000
"20202",20948.255,20948.255,1.000
"20031",11197.425,11197.425,1.000
"20337",17167.988,17167.988,1.000
"20148",2094.565,4946.645,0.423
"20303",281.375,281.375,1.000
"20138",4466.349,4466.349,1.000
"20156",3642.025,9393.743,0.388
"20128",1684.628,1684.628,1.000
"20542",1075.886,1075.886,1.000
"20470",43297.640,43297.640,1.000
"20205",1857.124,69407.532,0.027
"20042",49995.310,56227.426,0.889
"20292",11959.806,11959.806,1.000
"20073",7168.439,40678.980,0.176
"20006",175.274,34341.837,0.005
"20390",943.658,943.658,1.000
"20350",732.939,732.939,1.000
"20515",19959.644,119767.365,0.167
"20570",35373.353,35373.353,1.000
"20551",13570.668,13570.668,1.000
"20460",8694.845,31108.453,0.280
"20198",71683.406,79697.637,0.899
"20115",3136.576,3136.576,1.000
"20064",50444.404,50444.404,1.000
"20036",28090.014,28090.014,1.000
"30174",96664.422,151786.432,0.637
"30207",15519.477,54765.535,0.283
"20021",11214.896,11214.896,1.000
"30007",12406.797,12406.797,1.000
"30031",24966.060,24966.060,1.000
"30037",4170.994,4176.283,0.999
"30049",39421.630,53732.557,0.734
"30050",6167.631,8026.390,0.768
"30051",6995.491,23403.963,0.299
"30064",2299.203,2299.203,1.000
"30066",4766.817,24090.038,0.198
"30067",4329.258,4329.258,1.000
"30072",52226.775,52226.775,1.000
"30076",11386.402,15533.398,0.733
"30100",2343.085,24714.627,0.095
"30103",4362.258,4362.258,1.000
"30126",15497.926,38806.053,0.399
"30148",40372.144,41607.575,0.970
"30170",15794.404,19524.927,0.809
"30180",6709.917,22574.568,0.297
"30181",20524.783,91789.843,0.224
"30198",26374.897,26374.901,1.000
"30202",8646.079,24212.452,0.357
"30203",6894.222,6894.222,1.000
"21072",4760.728,4760.728,1.000
"21088",2999.118,2999.118,1.000
"21216",1915.174,1915.174,1.000
"21006",9133.923,9133.923,1.000
"21008",6073.598,6073.598,1.000
"21014",4451.652,4451.652,1.000
"21025",10672.447,10672.995,1.000
"21028",1616.958,1616.958,1.000
"21029",1399.038,1399.038,1.000
"21030",1225.805,1225.805,1.000
"21043",18169.163,18169.163,1.000
"21049",8960.533,8960.533,1.000
"21057",6374.646,6374.646,1.000
"21068",5050.204,5050.204,1.000
"21071",25095.158,25095.158,1.000
"21077",4213.014,4213.014,1.000
"21080",1243.407,1243.407,1.000
"21084",1964.869,1964.869,1.000
"21086",125.331,20591.709,0.006
"21089",17034.259,17034.259,1.000
"21091",2298.015,2298.015,1.000
"21100",6109.474,6109.474,1.000
"21101",2762.053,2762.053,1.000
"21107",6304.324,6304.324,1.000
"21109",9845.593,9845.593,1.000
"21123",4515.082,4515.082,1.000
"21158",5525.907,14028.355,0.394
"21162",2873.138,2873.138,1.000
"21178",12832.955,17331.690,0.740
"21183",14296.865,14296.865,1.000
"21184",6332.962,6332.962,1.000
"21187",5464.769,5478.633,0.997
"21192",4192.328,4192.328,1.000
"21197",19421.928,31252.559,0.621
"21210",2034.602,2034.602,1.000
"21213",15842.729,17622.400,0.899
"21215",3650.310,3650.310,1.000
"13035",14634.030,14634.030,1.000
"13001",24160.396,24160.396,1.000
"13002",23886.807,23886.807,1.000
"13004",12001.910,12001.910,1.000
"13012",35595.320,45851.108,0.776
"13014",18203.483,21101.014,0.863
"13024",30276.688,30284.595,1.000
"13026",2448.047,10745.599,0.228
"13027",5407.262,21483.835,0.252
"13033",9287.878,11079.030,0.838
"13034",13671.108,17720.869,0.771
"13036",24572.337,24572.337,1.000
"13038",28.736,19214.146,0.001
"13042",19210.927,19826.585,0.969
"13045",3028.645,7973.465,0.380
"13053",26642.076,35847.832,0.743
"13056",6429.112,6429.112,1.000
"13060",17663.193,17663.193,1.000
"13062",4584.174,34734.482,0.132
"13068",25545.573,25545.573,1.000
"13071",228.419,53159.849,0.004
"13073",26805.379,39211.133,0.684
"13077",21741.469,21741.469,1.000
"13079",18706.762,18706.762,1.000
"13080",586.752,15435.404,0.038
"13081",27269.200,27269.200,1.000
"13020",6583.384,23953.868,0.275
"13037",40939.635,79690.965,0.514
"25017",68.207,632576.043,0.000
"25003",80987.834,483634.557,0.167
"26040",30978.474,283266.738,0.109
"26069",132930.354,266766.403,0.498
"26052",107008.339,500375.235,0.214
"18001",72063.779,142725.612,0.505
"18005",166125.927,223742.186,0.742
"18009",5572.869,514246.227,0.011
"18010",10889.257,184064.392,0.059
"10034",57857.037,580068.295,0.100
"10037",63071.094,162764.539,0.387
"10039",58668.116,185164.791,0.317
"10035",364037.686,606916.828,0.600
"10001",130551.211,349196.910,0.374
"10002",36063.735,89255.930,0.404
"10005",428435.845,928537.123,0.461
"10014",22579.536,837340.570,0.027
"10019",170992.522,170992.522,1.000
"10023",492647.177,694435.166,0.709
"10026",464980.803,548325.197,0.848
"10032",442590.963,640287.672,0.691
"10009",136112.683,548555.087,0.248
"08006",0.016,95216.615,0.000
"08013",24032.994,375508.206,0.064
"08025",25573.677,85333.534,0.300
"08030",5424.813,182289.614,0.030
"08040",825111.886,873737.939,0.944
"08041",100642.803,100642.803,1.000
"08043",72707.242,72707.242,1.000
"08051",179570.907,179570.907,1.000
"08063",427320.991,427486.363,1.000
"08065",140156.293,330171.534,0.424
"08066",148808.383,265894.158,0.560
"08029",833723.501,961902.892,0.867
"08046",3329.078,218299.912,0.015
"08047",163053.002,180707.403,0.902
"08007",349613.956,537055.628,0.651
"08008",98168.376,213712.018,0.459
"08009",270598.176,270598.176,1.000
"08012",168169.211,259068.053,0.649
"08018",14666.530,160816.896,0.091
"08027",684991.900,697233.938,0.982
"08031",526473.373,572968.234,0.919
"08034",224.918,286081.253,0.001
"08048",14431.537,485996.636,0.030
"08049",76635.674,200087.780,0.383
"08056",52.107,117214.859,0.000
